Id,Map,TerritoryName,Continent,NameXOffset,NameYOffset,Points
1,classic,NA1,North America,0,0,M 242 83 L 243 84 L 244 84 L 246 86 L 246 92 L 244 94 L 244 103 L 243 104 L 243 109 L 242 110 L 242 115 L 241 116 L 241 120 L 240 121 L 240 124 L 243 127 L 246 127 L 248 129 L 250 129 L 253 132 L 253 147 L 255 149 L 255 155 L 251 155 L 250 156 L 252 158 L 252 163 L 246 163 L 246 162 L 244 160 L 244 159 L 242 157 L 241 157 L 240 156 L 240 155 L 239 154 L 239 152 L 238 151 L 238 149 L 236 147 L 236 146 L 234 144 L 234 143 L 232 141 L 232 140 L 231 139 L 231 134 L 230 133 L 229 134 L 229 135 L 228 136 L 210 136 L 209 135 L 209 133 L 208 132 L 207 133 L 207 134 L 205 136 L 205 137 L 204 138 L 204 139 L 202 141 L 195 141 L 190 136 L 181 136 L 180 135 L 179 135 L 179 134 L 176 131 L 176 130 L 175 129 L 174 129 L 174 123 L 175 122 L 176 122 L 179 119 L 179 118 L 181 116 L 181 115 L 182 114 L 190 114 L 191 115 L 192 114 L 192 112 L 197 107 L 197 106 L 198 106 L 202 102 L 202 101 L 204 99 L 204 97 L 203 96 L 203 95 L 202 94 L 201 94 L 201 88 L 202 89 L 203 88 L 206 88 L 207 87 L 209 87 L 210 86 L 223 86 L 224 87 L 227 87 L 228 88 L 229 88 L 230 87 L 231 87 L 232 86 L 232 85 L 234 83
2,classic,NA2,North America,0,-5,M 394 72 L 394 79 L 393 79 L 392 80 L 392 83 L 389 86 L 388 86 L 387 87 L 388 88 L 389 88 L 390 89 L 391 89 L 393 91 L 394 91 L 395 92 L 396 92 L 397 93 L 398 93 L 399 94 L 401 94 L 402 93 L 403 93 L 404 92 L 408 92 L 408 97 L 405 100 L 405 101 L 403 103 L 403 104 L 401 106 L 400 106 L 399 107 L 398 107 L 394 111 L 394 112 L 393 112 L 392 113 L 390 113 L 389 114 L 388 114 L 387 115 L 386 115 L 385 116 L 385 117 L 384 117 L 383 118 L 381 118 L 379 120 L 378 120 L 377 121 L 376 121 L 374 123 L 373 123 L 367 129 L 366 129 L 364 131 L 345 131 L 344 130 L 318 130 L 317 129 L 263 129 L 262 130 L 248 130 L 247 129 L 243 129 L 242 128 L 240 128 L 240 116 L 241 115 L 241 111 L 242 110 L 242 105 L 243 104 L 243 99 L 244 98 L 244 94 L 245 93 L 245 91 L 246 90 L 246 89 L 261 89 L 262 90 L 265 90 L 266 91 L 269 91 L 270 92 L 279 92 L 280 91 L 283 91 L 286 88 L 287 88 L 288 87 L 291 87 L 292 86 L 310 86 L 311 87 L 312 87 L 314 89 L 315 89 L 317 91 L 318 91 L 320 93 L 322 93 L 323 94 L 329 94 L 332 97 L 333 97 L 334 98 L 336 98 L 337 97 L 340 97 L 341 96 L 343 96 L 344 95 L 346 95 L 347 94 L 368 94 L 370 92 L 371 92 L 375 88 L 375 83 L 382 76 L 382 75 L 383 75 L 384 74 L 384 72
3,classic,NA3,North America,0,0,M 514 37 L 515 38 L 524 38 L 525 39 L 535 39 L 536 40 L 540 40 L 540 41 L 541 42 L 541 43 L 542 44 L 542 45 L 543 46 L 546 46 L 547 47 L 548 47 L 549 48 L 550 48 L 552 50 L 559 50 L 560 51 L 561 51 L 563 53 L 563 57 L 562 58 L 561 58 L 560 59 L 559 59 L 558 60 L 558 61 L 557 61 L 556 62 L 556 64 L 560 68 L 560 78 L 559 78 L 556 81 L 556 82 L 555 83 L 555 84 L 554 85 L 554 90 L 553 91 L 553 92 L 552 93 L 552 94 L 551 95 L 551 96 L 550 97 L 550 99 L 546 99 L 545 100 L 544 100 L 540 104 L 540 105 L 536 105 L 535 106 L 534 106 L 533 107 L 532 107 L 529 110 L 529 111 L 526 114 L 525 114 L 524 115 L 519 115 L 518 116 L 516 116 L 514 118 L 513 118 L 512 119 L 510 119 L 509 120 L 508 120 L 507 121 L 505 121 L 504 122 L 503 122 L 501 124 L 501 125 L 499 127 L 499 141 L 494 146 L 494 147 L 487 147 L 486 146 L 485 146 L 484 145 L 481 145 L 481 144 L 480 143 L 479 143 L 479 141 L 476 138 L 476 137 L 475 136 L 475 135 L 473 133 L 473 132 L 470 129 L 470 113 L 472 111 L 472 109 L 469 106 L 468 106 L 466 104 L 466 95 L 465 94 L 465 93 L 460 88 L 459 88 L 459 87 L 457 85 L 456 85 L 456 84 L 454 82 L 452 82 L 451 81 L 441 81 L 440 80 L 437 83 L 430 83 L 430 77 L 431 76 L 432 76 L 433 75 L 433 74 L 434 73 L 434 68 L 440 62 L 442 62 L 443 61 L 448 61 L 449 60 L 451 60 L 452 59 L 452 58 L 453 57 L 453 56 L 454 55 L 454 54 L 455 54 L 457 52 L 458 52 L 461 49 L 462 49 L 464 47 L 465 47 L 466 46 L 467 46 L 468 45 L 482 45 L 483 44 L 486 44 L 487 43 L 489 43 L 490 42 L 492 42 L 493 41 L 495 41 L 496 40 L 498 40 L 499 39 L 500 39 L 501 38 L 503 38 L 504 37
4,classic,NA4,North America,0,0,M 332 130 L 333 131 L 337 131 L 337 139 L 336 140 L 336 143 L 335 144 L 335 147 L 334 148 L 334 151 L 333 152 L 333 156 L 332 157 L 332 160 L 331 161 L 331 164 L 330 165 L 330 169 L 329 170 L 329 173 L 328 174 L 328 178 L 327 179 L 327 183 L 326 184 L 326 188 L 276 188 L 275 189 L 264 189 L 263 188 L 259 188 L 258 187 L 257 187 L 257 183 L 256 182 L 256 177 L 255 176 L 255 173 L 254 172 L 254 169 L 253 168 L 252 168 L 252 166 L 251 165 L 251 161 L 252 160 L 252 158 L 253 158 L 254 157 L 254 156 L 255 155 L 255 152 L 254 151 L 254 140 L 253 139 L 253 130
5,classic,NA5,North America,0,0,M 363 132 L 363 141 L 365 143 L 365 144 L 369 148 L 369 149 L 371 151 L 372 151 L 374 153 L 379 153 L 379 158 L 380 159 L 381 159 L 384 156 L 385 156 L 389 152 L 396 152 L 397 153 L 397 159 L 395 161 L 395 162 L 393 164 L 393 165 L 392 166 L 392 167 L 391 168 L 391 173 L 390 174 L 391 175 L 392 175 L 393 176 L 393 187 L 392 188 L 392 191 L 391 192 L 391 194 L 390 194 L 389 195 L 389 199 L 393 203 L 398 203 L 399 204 L 400 204 L 400 208 L 397 208 L 396 209 L 393 209 L 392 210 L 389 210 L 388 211 L 387 211 L 385 213 L 385 214 L 383 216 L 383 220 L 382 221 L 373 221 L 372 220 L 371 220 L 371 214 L 373 212 L 373 210 L 374 209 L 374 204 L 373 203 L 373 199 L 368 194 L 361 194 L 360 193 L 358 193 L 357 192 L 356 192 L 356 191 L 355 190 L 354 190 L 352 188 L 351 188 L 350 187 L 326 187 L 326 179 L 327 178 L 327 175 L 328 174 L 328 171 L 329 170 L 329 167 L 330 166 L 330 163 L 331 162 L 331 159 L 332 158 L 332 153 L 333 152 L 333 149 L 334 148 L 334 144 L 335 143 L 335 141 L 336 140 L 336 138 L 337 137 L 337 134 L 338 133 L 338 132
6,classic,NA6,North America,0,0,M 344 190 L 344 198 L 343 199 L 343 204 L 342 205 L 342 210 L 341 211 L 341 216 L 340 217 L 340 224 L 339 225 L 339 230 L 338 231 L 338 236 L 333 236 L 332 237 L 324 237 L 323 238 L 322 238 L 321 239 L 320 239 L 319 240 L 319 241 L 318 242 L 318 243 L 317 244 L 317 246 L 315 248 L 313 248 L 312 249 L 310 249 L 306 253 L 306 254 L 305 255 L 305 258 L 304 259 L 304 261 L 303 262 L 303 264 L 302 264 L 301 265 L 299 265 L 298 266 L 298 267 L 297 267 L 295 269 L 295 271 L 294 272 L 294 276 L 286 276 L 284 274 L 283 274 L 281 272 L 280 272 L 278 270 L 276 270 L 275 269 L 261 269 L 259 267 L 258 267 L 256 265 L 255 265 L 253 263 L 252 263 L 245 256 L 245 255 L 244 254 L 244 247 L 243 246 L 243 231 L 244 230 L 244 225 L 245 224 L 245 222 L 246 221 L 246 220 L 247 219 L 247 217 L 248 216 L 248 215 L 249 214 L 249 212 L 250 211 L 250 209 L 251 208 L 251 207 L 252 206 L 252 205 L 253 204 L 253 202 L 254 201 L 254 200 L 255 199 L 255 196 L 256 195 L 256 191 L 257 190
7,classic,NA7,North America,0,0,M 431 134 L 433 136 L 442 136 L 442 141 L 441 142 L 441 143 L 442 144 L 443 144 L 444 143 L 444 142 L 445 142 L 448 139 L 459 139 L 461 141 L 461 143 L 462 144 L 462 153 L 464 155 L 464 156 L 467 159 L 468 159 L 470 161 L 472 161 L 473 162 L 476 162 L 476 164 L 477 165 L 477 175 L 476 176 L 475 176 L 474 177 L 473 177 L 472 178 L 470 178 L 469 179 L 467 179 L 466 180 L 463 180 L 462 181 L 461 181 L 459 183 L 458 183 L 457 184 L 457 185 L 455 187 L 442 187 L 441 188 L 440 188 L 439 189 L 438 189 L 436 191 L 435 191 L 434 192 L 434 193 L 436 195 L 437 194 L 437 195 L 438 196 L 442 196 L 443 197 L 443 199 L 444 200 L 444 202 L 445 203 L 446 203 L 447 204 L 450 204 L 451 205 L 451 209 L 449 211 L 449 213 L 438 213 L 436 211 L 436 210 L 433 207 L 432 207 L 432 206 L 431 205 L 430 205 L 430 203 L 429 202 L 428 203 L 427 203 L 425 205 L 423 205 L 422 206 L 414 206 L 413 207 L 403 207 L 403 206 L 398 201 L 394 201 L 393 200 L 390 200 L 390 195 L 391 194 L 391 191 L 392 190 L 392 188 L 394 186 L 394 179 L 395 178 L 395 175 L 396 174 L 396 173 L 397 172 L 398 172 L 400 170 L 400 169 L 401 169 L 402 168 L 402 162 L 403 162 L 404 161 L 405 161 L 406 160 L 407 160 L 408 159 L 408 158 L 410 156 L 410 154 L 412 152 L 412 150 L 413 149 L 413 147 L 412 146 L 412 144 L 411 143 L 410 143 L 410 140 L 411 139 L 412 139 L 413 138 L 414 138 L 415 137 L 417 137 L 418 136 L 419 136 L 420 135 L 422 135 L 423 134
8,classic,NA8,North America,0,0,M 357 190 L 358 191 L 358 192 L 360 194 L 361 194 L 362 195 L 363 195 L 364 196 L 367 196 L 368 197 L 372 197 L 372 215 L 371 216 L 371 218 L 374 221 L 375 221 L 376 222 L 379 222 L 384 217 L 384 214 L 386 212 L 389 212 L 390 211 L 395 211 L 396 210 L 400 210 L 401 209 L 407 209 L 408 208 L 415 208 L 416 207 L 419 207 L 420 206 L 422 206 L 423 205 L 424 205 L 425 204 L 433 204 L 436 207 L 436 208 L 440 212 L 440 220 L 439 221 L 439 222 L 438 222 L 437 223 L 437 224 L 436 224 L 434 226 L 426 226 L 426 225 L 425 224 L 425 221 L 424 220 L 423 221 L 421 221 L 417 225 L 416 225 L 414 227 L 414 228 L 413 229 L 413 236 L 410 239 L 409 239 L 407 241 L 406 241 L 405 242 L 403 242 L 402 243 L 400 243 L 399 244 L 398 244 L 397 245 L 397 254 L 396 255 L 395 255 L 394 256 L 393 256 L 390 259 L 389 259 L 388 260 L 387 260 L 384 263 L 383 263 L 382 264 L 381 264 L 380 265 L 380 266 L 379 267 L 379 268 L 378 269 L 378 275 L 377 276 L 377 292 L 376 293 L 368 293 L 366 291 L 366 290 L 365 289 L 365 284 L 364 283 L 364 282 L 362 280 L 361 280 L 361 279 L 360 278 L 359 278 L 359 277 L 358 276 L 348 276 L 347 275 L 345 275 L 344 274 L 341 274 L 340 273 L 335 273 L 334 274 L 331 274 L 330 275 L 325 275 L 324 276 L 317 276 L 316 277 L 313 277 L 312 278 L 311 278 L 310 279 L 309 279 L 307 281 L 307 282 L 302 287 L 296 287 L 296 281 L 295 280 L 295 265 L 296 265 L 297 264 L 298 264 L 302 260 L 303 260 L 304 259 L 304 254 L 305 253 L 305 249 L 306 249 L 307 248 L 310 248 L 311 247 L 312 247 L 313 246 L 314 246 L 315 245 L 315 244 L 317 242 L 317 241 L 318 240 L 318 238 L 328 238 L 329 237 L 334 237 L 336 235 L 337 235 L 338 234 L 338 233 L 339 232 L 339 223 L 340 222 L 340 217 L 341 216 L 341 210 L 342 209 L 342 205 L 343 204 L 343 198 L 344 197 L 344 194 L 345 193 L 345 190
9,classic,NA9,North America,0,0,M 248 259 L 249 260 L 250 260 L 251 261 L 253 261 L 254 262 L 255 262 L 256 263 L 258 263 L 258 264 L 263 269 L 264 269 L 265 270 L 267 270 L 268 269 L 281 269 L 282 270 L 283 270 L 286 273 L 287 273 L 289 275 L 290 275 L 291 276 L 294 276 L 295 277 L 295 288 L 294 289 L 294 291 L 292 293 L 292 294 L 291 295 L 291 296 L 290 297 L 291 298 L 291 300 L 292 301 L 292 302 L 294 304 L 294 305 L 299 310 L 300 310 L 301 311 L 303 311 L 304 310 L 305 310 L 310 305 L 324 305 L 324 308 L 323 309 L 323 310 L 318 315 L 318 316 L 317 317 L 317 324 L 316 325 L 316 326 L 315 327 L 315 329 L 314 330 L 314 331 L 313 332 L 313 334 L 312 335 L 312 337 L 313 338 L 313 344 L 312 345 L 312 346 L 311 347 L 311 350 L 310 351 L 310 355 L 309 356 L 309 357 L 296 357 L 295 356 L 294 356 L 294 355 L 293 354 L 293 350 L 292 349 L 292 347 L 290 345 L 290 344 L 286 340 L 286 339 L 285 338 L 285 337 L 284 336 L 284 335 L 283 334 L 283 333 L 282 332 L 282 331 L 280 329 L 280 328 L 279 327 L 278 327 L 277 326 L 276 326 L 275 325 L 274 325 L 273 324 L 272 324 L 270 322 L 269 322 L 268 321 L 265 321 L 264 320 L 260 320 L 260 313 L 261 312 L 261 311 L 259 309 L 259 307 L 258 306 L 255 306 L 254 305 L 251 305 L 250 304 L 246 304 L 246 303 L 244 301 L 244 300 L 243 299 L 243 298 L 242 297 L 242 296 L 241 295 L 241 284 L 242 283 L 242 281 L 243 281 L 244 280 L 244 275 L 241 272 L 241 271 L 240 270 L 240 260 L 241 259
10,classic,SA2,South America,0,0,M 307 388 L 307 393 L 308 394 L 313 394 L 314 395 L 316 395 L 317 396 L 320 396 L 321 397 L 327 397 L 328 398 L 330 398 L 331 399 L 332 399 L 332 404 L 331 405 L 330 405 L 329 406 L 328 406 L 327 407 L 327 409 L 326 410 L 326 411 L 325 412 L 324 412 L 323 413 L 322 413 L 320 415 L 319 415 L 318 416 L 318 418 L 321 421 L 321 422 L 323 424 L 323 425 L 325 427 L 326 427 L 327 428 L 328 428 L 329 429 L 333 429 L 333 432 L 332 433 L 332 434 L 331 435 L 332 436 L 332 437 L 333 438 L 333 439 L 334 440 L 337 440 L 338 439 L 340 439 L 341 438 L 343 438 L 344 437 L 347 437 L 348 436 L 350 436 L 351 435 L 360 435 L 362 437 L 363 437 L 365 439 L 366 439 L 368 441 L 369 441 L 371 443 L 372 443 L 373 444 L 374 444 L 375 445 L 376 445 L 377 446 L 383 446 L 384 447 L 384 449 L 386 451 L 386 452 L 387 453 L 387 454 L 389 456 L 389 457 L 390 458 L 390 459 L 391 460 L 391 461 L 392 462 L 392 463 L 394 465 L 394 466 L 396 468 L 396 469 L 398 471 L 398 472 L 399 473 L 399 475 L 400 476 L 400 479 L 401 480 L 401 482 L 402 483 L 402 484 L 403 485 L 403 486 L 404 487 L 404 489 L 405 490 L 405 493 L 406 494 L 406 501 L 402 501 L 401 502 L 399 502 L 398 503 L 392 503 L 391 502 L 391 499 L 389 497 L 389 496 L 388 495 L 387 495 L 386 494 L 385 494 L 384 493 L 378 493 L 377 492 L 375 492 L 374 491 L 373 491 L 373 490 L 371 488 L 371 487 L 370 486 L 369 486 L 367 484 L 366 484 L 365 483 L 363 483 L 362 482 L 359 482 L 358 481 L 355 481 L 353 483 L 353 484 L 352 484 L 351 485 L 351 486 L 350 487 L 347 487 L 342 482 L 341 482 L 341 481 L 340 480 L 340 476 L 339 475 L 339 472 L 337 470 L 336 471 L 336 472 L 331 472 L 330 471 L 329 471 L 329 470 L 328 469 L 327 469 L 327 467 L 326 466 L 326 465 L 325 464 L 324 464 L 324 463 L 317 456 L 316 456 L 313 453 L 312 453 L 309 450 L 309 447 L 308 446 L 308 445 L 307 444 L 307 443 L 298 434 L 297 434 L 297 433 L 296 432 L 295 432 L 295 430 L 294 429 L 293 429 L 293 427 L 292 426 L 291 426 L 291 416 L 292 415 L 292 413 L 293 413 L 294 412 L 294 410 L 293 409 L 293 408 L 292 407 L 292 399 L 295 396 L 295 395 L 296 395 L 297 394 L 297 393 L 298 392 L 298 391 L 299 390 L 299 388
11,classic,SA1,South America,0,0,M 354 341 L 356 343 L 356 344 L 357 345 L 358 344 L 369 344 L 370 345 L 373 345 L 374 346 L 377 346 L 378 347 L 388 347 L 390 349 L 391 349 L 392 350 L 394 350 L 395 351 L 396 351 L 400 355 L 401 355 L 403 357 L 404 357 L 408 361 L 408 362 L 409 363 L 410 363 L 411 364 L 412 364 L 413 363 L 426 363 L 427 364 L 429 364 L 430 365 L 432 365 L 433 366 L 433 370 L 432 371 L 432 372 L 431 373 L 430 373 L 429 374 L 429 378 L 427 380 L 427 382 L 416 382 L 415 383 L 413 383 L 411 385 L 410 385 L 409 386 L 393 386 L 393 385 L 392 384 L 392 383 L 391 382 L 391 379 L 389 377 L 389 376 L 388 375 L 387 376 L 384 376 L 383 377 L 381 377 L 380 378 L 376 378 L 374 380 L 373 380 L 371 382 L 371 383 L 370 384 L 361 384 L 360 385 L 356 385 L 355 386 L 354 386 L 353 387 L 352 387 L 351 388 L 351 389 L 346 394 L 346 396 L 345 397 L 345 401 L 344 402 L 342 402 L 341 403 L 333 403 L 328 398 L 325 398 L 324 397 L 319 397 L 318 396 L 313 396 L 312 395 L 311 395 L 310 394 L 309 394 L 309 393 L 307 391 L 307 382 L 308 381 L 308 379 L 309 379 L 310 378 L 310 376 L 311 375 L 311 372 L 312 371 L 312 369 L 313 368 L 313 367 L 315 365 L 315 364 L 317 362 L 318 362 L 320 360 L 321 360 L 323 358 L 323 356 L 324 356 L 326 354 L 325 353 L 323 353 L 323 350 L 324 350 L 325 349 L 326 349 L 327 348 L 329 348 L 330 347 L 331 347 L 332 346 L 334 346 L 335 345 L 338 345 L 339 344 L 340 344 L 341 343 L 342 343 L 343 342 L 344 342 L 345 341
12,classic,SA3,South America,0,0,M 392 375 L 392 378 L 393 379 L 393 380 L 395 382 L 395 383 L 397 385 L 398 385 L 399 386 L 400 386 L 401 387 L 402 386 L 404 386 L 406 384 L 407 384 L 408 383 L 419 383 L 420 382 L 422 382 L 424 380 L 425 380 L 429 376 L 430 376 L 431 375 L 435 375 L 436 376 L 436 379 L 437 380 L 437 381 L 438 382 L 439 382 L 439 386 L 441 388 L 441 390 L 442 391 L 445 391 L 446 392 L 450 392 L 451 393 L 457 393 L 458 394 L 460 394 L 461 395 L 462 395 L 464 397 L 464 398 L 465 399 L 478 399 L 478 400 L 479 401 L 482 401 L 483 402 L 485 402 L 486 403 L 488 403 L 489 404 L 491 404 L 491 409 L 490 409 L 489 410 L 490 411 L 490 412 L 491 413 L 491 416 L 492 417 L 492 427 L 491 428 L 491 429 L 489 431 L 489 432 L 486 435 L 486 436 L 484 438 L 484 440 L 483 441 L 483 442 L 481 444 L 481 445 L 479 447 L 479 448 L 478 449 L 478 451 L 477 452 L 477 457 L 476 458 L 476 462 L 475 463 L 475 464 L 474 465 L 474 466 L 473 467 L 473 468 L 459 482 L 458 482 L 456 484 L 455 484 L 453 486 L 452 486 L 450 488 L 449 488 L 448 489 L 447 489 L 446 490 L 445 490 L 444 491 L 443 491 L 442 492 L 440 492 L 438 494 L 437 494 L 434 497 L 434 498 L 431 501 L 431 502 L 429 504 L 429 505 L 427 507 L 427 508 L 426 509 L 426 510 L 424 512 L 424 513 L 422 515 L 422 516 L 421 517 L 421 518 L 418 521 L 418 522 L 414 526 L 414 527 L 411 530 L 402 530 L 402 523 L 403 522 L 402 521 L 402 520 L 400 518 L 399 518 L 399 513 L 405 507 L 405 505 L 406 505 L 407 504 L 407 501 L 406 500 L 406 498 L 405 497 L 405 494 L 404 493 L 404 490 L 403 489 L 403 487 L 402 486 L 402 484 L 401 483 L 401 482 L 400 481 L 400 480 L 399 479 L 399 478 L 398 477 L 398 476 L 397 475 L 397 474 L 396 473 L 396 471 L 393 468 L 393 467 L 391 465 L 391 463 L 389 461 L 389 459 L 388 458 L 387 458 L 387 456 L 386 455 L 385 455 L 385 453 L 384 452 L 383 452 L 383 450 L 380 447 L 374 447 L 373 446 L 372 446 L 371 445 L 370 445 L 368 443 L 367 443 L 365 441 L 364 441 L 363 440 L 362 440 L 360 438 L 359 438 L 359 437 L 358 436 L 357 436 L 356 435 L 354 435 L 353 436 L 351 436 L 350 437 L 349 437 L 348 438 L 346 438 L 345 439 L 343 439 L 342 440 L 331 440 L 331 439 L 330 438 L 330 432 L 331 431 L 331 429 L 330 428 L 329 428 L 328 427 L 321 427 L 321 426 L 318 423 L 318 415 L 319 414 L 320 414 L 321 413 L 322 413 L 326 409 L 326 408 L 327 407 L 327 406 L 328 405 L 329 405 L 330 404 L 332 404 L 333 403 L 335 403 L 336 402 L 338 402 L 339 401 L 341 401 L 344 398 L 344 397 L 345 396 L 345 390 L 346 390 L 347 389 L 347 388 L 349 386 L 350 386 L 351 385 L 359 385 L 360 384 L 365 384 L 368 381 L 369 381 L 370 380 L 370 379 L 371 378 L 373 378 L 374 377 L 377 377 L 378 376 L 380 376 L 381 375
13,classic,SA4,South America,0,0,M 337 472 L 338 473 L 338 474 L 339 475 L 339 476 L 340 477 L 340 478 L 342 480 L 342 483 L 341 484 L 342 485 L 346 485 L 348 487 L 349 487 L 350 488 L 351 487 L 351 485 L 352 484 L 352 483 L 353 482 L 359 482 L 360 483 L 363 483 L 364 484 L 366 484 L 367 485 L 369 485 L 370 486 L 371 486 L 374 489 L 374 490 L 375 491 L 376 491 L 378 493 L 379 493 L 380 494 L 382 494 L 383 495 L 389 495 L 390 496 L 390 500 L 391 501 L 391 502 L 393 504 L 397 504 L 398 503 L 406 503 L 406 508 L 405 509 L 404 509 L 400 513 L 400 515 L 399 516 L 400 517 L 400 519 L 401 520 L 402 519 L 404 519 L 404 525 L 403 526 L 403 528 L 407 532 L 408 532 L 410 534 L 411 534 L 411 539 L 410 539 L 408 541 L 407 541 L 406 542 L 406 543 L 405 543 L 404 544 L 401 544 L 400 545 L 394 545 L 393 546 L 389 546 L 388 547 L 387 547 L 386 548 L 386 550 L 388 552 L 388 553 L 389 554 L 389 558 L 384 563 L 383 563 L 382 564 L 379 564 L 378 565 L 375 565 L 374 566 L 371 566 L 370 567 L 368 567 L 366 569 L 366 570 L 364 572 L 364 573 L 361 576 L 361 577 L 359 579 L 359 580 L 357 582 L 357 583 L 356 584 L 356 592 L 351 597 L 351 598 L 349 600 L 349 602 L 348 603 L 348 620 L 349 621 L 349 626 L 350 627 L 350 629 L 352 631 L 352 632 L 360 640 L 360 641 L 362 643 L 363 643 L 363 644 L 364 645 L 367 645 L 368 646 L 369 646 L 369 651 L 363 651 L 362 652 L 346 652 L 345 651 L 344 651 L 335 642 L 334 642 L 332 640 L 331 640 L 329 638 L 328 638 L 325 635 L 324 635 L 322 633 L 321 633 L 318 630 L 317 630 L 317 629 L 314 626 L 314 625 L 312 623 L 312 621 L 311 620 L 311 618 L 310 617 L 310 615 L 308 613 L 308 612 L 307 611 L 306 611 L 306 602 L 307 601 L 307 599 L 308 598 L 308 597 L 309 596 L 309 592 L 310 591 L 310 588 L 311 587 L 311 585 L 312 584 L 312 583 L 313 582 L 313 581 L 314 580 L 314 576 L 315 575 L 315 574 L 314 573 L 314 558 L 315 557 L 315 556 L 319 552 L 319 549 L 320 548 L 320 539 L 321 538 L 321 522 L 322 521 L 322 519 L 323 518 L 323 517 L 325 515 L 325 513 L 327 511 L 327 509 L 328 509 L 329 508 L 329 505 L 327 503 L 327 502 L 325 500 L 325 494 L 326 493 L 326 491 L 327 490 L 327 487 L 328 486 L 328 485 L 329 484 L 329 481 L 330 480 L 330 476 L 331 475 L 331 474 L 333 472
14,classic,EU1,Europe,0,0,M 604 110 L 606 112 L 607 112 L 609 114 L 610 114 L 610 115 L 611 116 L 612 116 L 614 118 L 614 139 L 613 140 L 600 140 L 597 143 L 596 143 L 595 144 L 596 145 L 596 146 L 595 147 L 595 149 L 588 149 L 587 150 L 586 150 L 585 151 L 584 151 L 583 152 L 582 152 L 581 153 L 580 153 L 578 155 L 577 155 L 576 156 L 567 156 L 566 155 L 565 155 L 563 153 L 551 153 L 551 147 L 548 144 L 544 144 L 543 143 L 540 143 L 540 138 L 543 135 L 543 123 L 548 118 L 557 118 L 558 117 L 559 117 L 562 114 L 568 114 L 568 115 L 569 116 L 570 116 L 572 114 L 581 114 L 582 115 L 584 115 L 585 116 L 587 116 L 593 110
15,classic,EU2,Europe,0,0,M 553 159 L 553 166 L 555 168 L 556 168 L 557 169 L 559 169 L 559 173 L 556 173 L 555 174 L 553 174 L 551 176 L 551 177 L 550 178 L 550 179 L 551 180 L 551 181 L 553 183 L 554 183 L 556 185 L 557 185 L 558 186 L 560 186 L 561 187 L 562 187 L 562 189 L 563 190 L 563 192 L 565 194 L 573 194 L 575 196 L 575 197 L 576 198 L 576 204 L 577 205 L 577 206 L 578 207 L 579 207 L 580 208 L 587 208 L 588 209 L 589 209 L 589 214 L 588 215 L 587 215 L 585 217 L 584 217 L 582 219 L 581 219 L 580 220 L 579 220 L 575 224 L 576 225 L 576 232 L 548 232 L 547 231 L 539 231 L 537 233 L 536 233 L 535 234 L 535 235 L 534 236 L 533 236 L 532 237 L 528 237 L 527 236 L 527 232 L 532 227 L 533 227 L 536 224 L 536 223 L 537 222 L 536 221 L 536 217 L 537 217 L 539 215 L 539 214 L 540 213 L 538 211 L 538 210 L 537 209 L 537 206 L 540 203 L 540 201 L 539 200 L 539 199 L 537 197 L 535 197 L 534 196 L 534 192 L 535 191 L 535 189 L 529 183 L 528 183 L 528 176 L 527 175 L 526 175 L 525 174 L 525 170 L 527 168 L 528 168 L 530 166 L 531 166 L 535 162 L 535 161 L 537 159M 527 196 L 527 197 L 528 198 L 528 199 L 529 200 L 529 208 L 528 208 L 527 209 L 527 210 L 526 211 L 526 221 L 525 222 L 520 222 L 519 223 L 514 223 L 513 224 L 511 224 L 510 225 L 501 225 L 501 221 L 502 220 L 503 220 L 504 219 L 505 219 L 507 217 L 507 216 L 508 215 L 508 214 L 509 213 L 506 210 L 506 209 L 505 208 L 505 204 L 506 203 L 511 203 L 515 199 L 515 198 L 516 197 L 520 197 L 521 196
16,classic,EU3,Europe,0,0,M 712 91 L 712 97 L 711 98 L 711 101 L 710 102 L 710 104 L 709 105 L 709 107 L 708 108 L 708 110 L 707 111 L 707 117 L 708 118 L 708 124 L 709 125 L 709 129 L 710 130 L 710 136 L 711 137 L 712 137 L 712 144 L 711 145 L 711 146 L 710 147 L 710 149 L 709 150 L 709 151 L 708 152 L 700 152 L 699 151 L 696 151 L 695 152 L 694 152 L 693 153 L 684 153 L 684 152 L 683 151 L 683 150 L 682 149 L 682 142 L 683 141 L 683 139 L 684 139 L 685 138 L 685 137 L 684 136 L 683 137 L 682 137 L 681 138 L 681 139 L 680 139 L 675 144 L 675 145 L 673 147 L 673 149 L 674 150 L 674 151 L 676 153 L 676 161 L 674 163 L 674 164 L 673 165 L 673 166 L 670 169 L 669 169 L 667 171 L 666 171 L 663 174 L 647 174 L 646 173 L 645 173 L 645 172 L 644 171 L 644 168 L 643 167 L 640 167 L 639 168 L 632 168 L 632 161 L 631 160 L 631 159 L 629 157 L 628 157 L 628 156 L 624 152 L 624 151 L 623 150 L 621 150 L 621 144 L 622 144 L 624 142 L 624 141 L 625 141 L 626 140 L 626 138 L 627 138 L 628 137 L 628 136 L 629 135 L 629 133 L 630 133 L 632 131 L 634 131 L 635 130 L 636 130 L 637 129 L 644 129 L 646 127 L 647 127 L 648 126 L 648 124 L 649 124 L 650 123 L 650 121 L 652 119 L 652 117 L 653 117 L 654 116 L 654 114 L 655 114 L 656 113 L 656 110 L 658 108 L 659 108 L 660 107 L 661 107 L 662 106 L 663 106 L 664 105 L 665 105 L 667 103 L 668 103 L 670 101 L 671 101 L 673 99 L 674 99 L 675 98 L 677 98 L 678 97 L 679 97 L 680 96 L 681 96 L 682 95 L 683 95 L 684 94 L 685 94 L 687 92 L 688 92 L 689 91
17,classic,EU4,Europe,0,0,M 599 236 L 600 235 L 604 235 L 605 236 L 606 236 L 610 240 L 610 241 L 611 242 L 611 243 L 612 244 L 612 245 L 614 247 L 614 248 L 616 250 L 616 251 L 617 252 L 617 261 L 616 262 L 616 263 L 615 264 L 615 265 L 616 266 L 616 277 L 613 280 L 613 281 L 612 282 L 612 290 L 599 290 L 598 291 L 597 291 L 594 294 L 594 295 L 592 297 L 592 299 L 591 300 L 591 302 L 590 302 L 589 303 L 589 304 L 588 305 L 589 306 L 589 316 L 588 317 L 588 318 L 587 319 L 587 320 L 585 322 L 585 323 L 584 324 L 584 325 L 581 328 L 581 329 L 579 329 L 578 330 L 575 330 L 574 331 L 573 331 L 572 332 L 570 332 L 569 333 L 567 333 L 566 334 L 564 334 L 563 335 L 549 335 L 548 334 L 545 334 L 544 333 L 541 333 L 540 332 L 540 331 L 539 330 L 539 329 L 538 328 L 538 327 L 536 325 L 535 325 L 533 323 L 533 316 L 534 315 L 534 313 L 535 312 L 535 311 L 537 309 L 537 307 L 538 307 L 539 306 L 539 304 L 540 303 L 540 301 L 539 300 L 539 299 L 538 298 L 538 297 L 537 296 L 537 295 L 536 294 L 536 286 L 538 284 L 539 284 L 542 281 L 549 281 L 551 283 L 551 284 L 552 285 L 553 285 L 554 286 L 555 285 L 556 285 L 557 284 L 559 284 L 560 283 L 562 283 L 566 279 L 566 278 L 567 277 L 567 274 L 569 272 L 569 271 L 572 268 L 572 265 L 573 264 L 573 263 L 577 259 L 577 257 L 579 255 L 579 254 L 580 253 L 580 251 L 579 250 L 578 250 L 578 246 L 587 246 L 588 245 L 590 245 L 592 243 L 593 243 L 594 242 L 594 241 L 596 241 L 598 239 L 597 238 L 597 237 L 598 236 L 598 235
18,classic,EU5,Europe,0,0,M 643 177 L 644 178 L 644 179 L 646 181 L 646 182 L 647 183 L 647 184 L 649 186 L 650 186 L 652 188 L 654 188 L 655 189 L 664 189 L 665 188 L 678 188 L 679 189 L 687 189 L 688 190 L 689 190 L 690 191 L 692 191 L 693 192 L 694 192 L 695 193 L 695 203 L 696 204 L 696 207 L 697 208 L 697 210 L 699 212 L 699 213 L 700 214 L 700 218 L 699 219 L 699 220 L 698 220 L 696 222 L 695 222 L 685 232 L 685 233 L 684 234 L 684 235 L 686 237 L 686 241 L 680 247 L 680 248 L 678 250 L 678 253 L 677 254 L 677 256 L 676 257 L 676 258 L 670 258 L 669 257 L 664 257 L 664 250 L 665 249 L 665 248 L 660 243 L 659 244 L 656 244 L 655 245 L 652 245 L 650 247 L 649 247 L 648 248 L 648 249 L 646 251 L 646 252 L 645 253 L 645 254 L 644 255 L 642 255 L 641 256 L 629 256 L 628 255 L 628 254 L 627 253 L 624 253 L 623 254 L 616 254 L 615 253 L 615 251 L 614 250 L 614 247 L 613 246 L 609 246 L 609 244 L 608 243 L 608 242 L 607 241 L 607 233 L 608 232 L 608 230 L 609 229 L 609 224 L 610 223 L 610 219 L 622 219 L 623 218 L 623 217 L 625 215 L 625 206 L 626 205 L 626 204 L 627 203 L 627 202 L 628 201 L 628 198 L 629 197 L 628 196 L 628 194 L 626 192 L 625 192 L 625 185 L 627 183 L 628 183 L 629 182 L 629 181 L 631 179 L 632 179 L 633 178 L 634 178 L 635 177
19,classic,EU6,Europe,0,0,M 695 238 L 695 241 L 698 244 L 698 245 L 699 246 L 702 246 L 702 261 L 703 262 L 703 263 L 705 265 L 705 274 L 704 275 L 704 276 L 703 277 L 703 278 L 702 279 L 702 281 L 701 282 L 701 283 L 700 284 L 700 285 L 699 286 L 699 287 L 698 288 L 698 289 L 697 290 L 697 291 L 696 292 L 696 293 L 695 294 L 695 295 L 694 296 L 694 297 L 693 298 L 693 299 L 691 301 L 691 302 L 690 303 L 690 304 L 689 305 L 689 307 L 688 308 L 688 309 L 687 310 L 687 311 L 686 312 L 686 313 L 685 314 L 685 315 L 683 317 L 683 318 L 682 319 L 682 324 L 683 325 L 683 329 L 678 329 L 677 328 L 675 328 L 673 326 L 672 326 L 671 325 L 670 325 L 669 324 L 669 322 L 668 321 L 668 316 L 667 315 L 667 312 L 666 311 L 666 309 L 665 308 L 665 307 L 663 305 L 663 304 L 662 303 L 662 302 L 660 300 L 660 299 L 658 297 L 658 296 L 657 295 L 657 294 L 655 292 L 655 291 L 653 289 L 652 289 L 649 286 L 648 286 L 647 285 L 646 285 L 645 286 L 644 286 L 643 287 L 642 287 L 641 288 L 641 289 L 643 291 L 643 292 L 645 294 L 645 295 L 650 300 L 650 304 L 649 304 L 648 305 L 648 306 L 647 307 L 646 307 L 645 308 L 645 310 L 641 314 L 640 314 L 639 315 L 633 315 L 633 312 L 638 307 L 638 304 L 634 300 L 633 300 L 626 293 L 625 293 L 625 292 L 624 291 L 623 291 L 623 289 L 622 288 L 620 288 L 618 286 L 612 286 L 612 278 L 615 275 L 615 273 L 616 272 L 615 271 L 615 259 L 617 257 L 617 256 L 618 256 L 619 255 L 620 255 L 621 254 L 630 254 L 632 256 L 633 256 L 634 257 L 638 257 L 639 256 L 640 256 L 642 254 L 643 254 L 644 253 L 644 251 L 645 251 L 646 250 L 646 249 L 647 248 L 647 247 L 651 247 L 652 246 L 656 246 L 657 245 L 664 245 L 664 252 L 663 253 L 663 254 L 665 256 L 665 257 L 667 259 L 669 259 L 670 260 L 671 260 L 673 258 L 674 258 L 676 256 L 676 255 L 677 254 L 677 253 L 678 252 L 678 250 L 679 249 L 679 246 L 680 245 L 680 244 L 681 244 L 684 241 L 685 241 L 688 238
20,classic,EU7,Europe,0,0,M 740 91 L 741 92 L 745 92 L 750 97 L 750 104 L 748 106 L 747 106 L 746 107 L 746 108 L 743 108 L 742 109 L 740 109 L 739 110 L 738 110 L 737 111 L 736 111 L 734 113 L 733 113 L 732 114 L 732 117 L 735 120 L 736 120 L 737 121 L 738 121 L 739 120 L 740 120 L 742 118 L 743 118 L 744 117 L 746 117 L 747 116 L 750 116 L 751 115 L 753 115 L 754 114 L 756 114 L 757 113 L 757 106 L 759 104 L 760 104 L 762 102 L 768 102 L 769 103 L 770 103 L 770 104 L 771 105 L 773 105 L 774 104 L 776 104 L 778 102 L 779 102 L 781 100 L 782 100 L 784 98 L 792 98 L 793 99 L 799 99 L 800 100 L 803 100 L 804 99 L 805 99 L 806 98 L 807 98 L 809 96 L 817 96 L 818 97 L 819 97 L 820 98 L 820 101 L 821 102 L 821 105 L 822 106 L 822 120 L 820 122 L 820 123 L 819 124 L 819 125 L 818 126 L 818 127 L 816 129 L 816 130 L 814 132 L 814 140 L 815 141 L 815 146 L 816 147 L 816 149 L 817 150 L 817 151 L 818 152 L 819 152 L 819 153 L 820 154 L 821 154 L 821 161 L 819 163 L 819 168 L 820 169 L 822 169 L 823 170 L 826 170 L 827 171 L 829 171 L 830 172 L 830 177 L 828 179 L 828 180 L 827 180 L 826 181 L 826 184 L 825 185 L 825 188 L 822 191 L 822 192 L 820 194 L 820 195 L 819 196 L 818 196 L 817 197 L 814 197 L 813 198 L 809 198 L 808 199 L 801 199 L 800 200 L 790 200 L 789 201 L 787 201 L 781 207 L 781 208 L 776 213 L 776 214 L 774 216 L 774 217 L 773 218 L 773 219 L 772 220 L 772 227 L 773 228 L 773 231 L 774 232 L 775 232 L 776 233 L 776 234 L 777 235 L 780 235 L 781 236 L 782 236 L 784 238 L 784 242 L 783 243 L 783 244 L 782 244 L 780 246 L 780 247 L 778 249 L 778 251 L 779 252 L 779 253 L 780 254 L 780 255 L 782 257 L 782 258 L 786 262 L 787 262 L 790 265 L 790 270 L 788 272 L 787 272 L 785 274 L 785 275 L 782 278 L 781 278 L 779 280 L 778 280 L 777 281 L 776 281 L 775 282 L 768 282 L 767 281 L 765 281 L 764 280 L 763 280 L 762 279 L 761 279 L 760 278 L 757 278 L 756 277 L 754 277 L 753 276 L 753 275 L 749 271 L 748 271 L 747 270 L 744 270 L 743 271 L 741 271 L 740 272 L 728 272 L 727 271 L 726 271 L 723 268 L 723 266 L 722 265 L 721 265 L 721 263 L 719 261 L 718 261 L 717 260 L 716 260 L 715 261 L 713 261 L 708 266 L 703 266 L 702 265 L 702 250 L 701 249 L 701 247 L 700 246 L 697 246 L 696 245 L 695 245 L 695 240 L 694 239 L 693 239 L 692 238 L 685 238 L 684 237 L 684 234 L 686 232 L 686 231 L 687 230 L 687 229 L 690 226 L 691 226 L 696 221 L 697 221 L 699 219 L 700 219 L 701 218 L 701 217 L 700 216 L 700 215 L 699 214 L 698 214 L 698 213 L 697 212 L 697 197 L 696 196 L 695 196 L 695 195 L 693 193 L 692 193 L 691 192 L 689 192 L 688 191 L 687 191 L 686 190 L 685 190 L 684 189 L 683 189 L 683 188 L 682 187 L 682 176 L 683 175 L 683 171 L 684 170 L 692 170 L 695 167 L 695 160 L 698 160 L 699 159 L 700 159 L 701 158 L 702 158 L 704 156 L 704 155 L 706 153 L 706 151 L 707 150 L 707 149 L 708 148 L 708 146 L 709 145 L 709 144 L 711 142 L 711 140 L 712 139 L 711 138 L 711 135 L 710 134 L 710 132 L 709 131 L 709 129 L 708 128 L 708 123 L 707 122 L 707 106 L 708 105 L 708 102 L 709 101 L 709 98 L 710 97 L 710 96 L 711 95 L 711 94 L 713 92 L 719 92 L 720 91
21,classic,AF1,Africa,0,0,M 636 328 L 637 329 L 638 329 L 642 333 L 642 334 L 644 336 L 644 337 L 645 338 L 645 339 L 646 340 L 646 348 L 645 349 L 645 350 L 641 354 L 641 364 L 640 365 L 640 366 L 638 368 L 638 370 L 639 371 L 639 374 L 640 375 L 640 377 L 641 378 L 641 380 L 642 381 L 642 384 L 643 385 L 643 386 L 644 387 L 644 389 L 645 390 L 645 391 L 646 392 L 647 392 L 648 393 L 649 393 L 650 394 L 654 394 L 655 395 L 665 395 L 666 396 L 674 396 L 674 397 L 677 400 L 677 401 L 679 403 L 680 403 L 682 405 L 683 405 L 685 407 L 691 407 L 691 408 L 692 409 L 692 424 L 691 425 L 691 428 L 690 429 L 690 431 L 688 433 L 688 449 L 682 455 L 681 455 L 680 456 L 679 456 L 678 457 L 677 457 L 676 458 L 675 458 L 674 459 L 673 459 L 672 460 L 671 460 L 670 461 L 668 461 L 667 462 L 666 462 L 664 464 L 663 464 L 661 466 L 661 484 L 660 485 L 653 485 L 651 483 L 649 483 L 648 482 L 637 482 L 637 474 L 635 472 L 633 472 L 632 471 L 629 471 L 628 470 L 622 470 L 621 469 L 618 469 L 618 468 L 617 467 L 616 467 L 613 464 L 610 464 L 609 463 L 606 463 L 605 464 L 602 464 L 601 465 L 600 465 L 599 466 L 597 466 L 596 467 L 580 467 L 579 466 L 570 466 L 569 465 L 568 465 L 567 464 L 566 464 L 566 463 L 564 461 L 564 460 L 563 459 L 562 459 L 557 454 L 556 454 L 551 449 L 550 449 L 540 439 L 539 439 L 539 438 L 537 436 L 537 434 L 536 433 L 535 433 L 532 430 L 530 430 L 530 426 L 532 424 L 533 424 L 534 423 L 535 423 L 536 422 L 536 420 L 537 420 L 538 419 L 538 418 L 540 416 L 540 415 L 542 413 L 542 412 L 543 411 L 543 410 L 544 409 L 544 406 L 542 404 L 542 403 L 541 402 L 540 402 L 540 400 L 539 399 L 539 390 L 540 389 L 540 387 L 541 386 L 541 385 L 542 384 L 542 383 L 544 381 L 544 380 L 545 379 L 545 378 L 546 377 L 546 375 L 548 373 L 548 371 L 550 369 L 550 367 L 551 366 L 551 365 L 552 364 L 552 363 L 553 362 L 553 361 L 554 360 L 554 358 L 555 358 L 556 357 L 556 355 L 557 354 L 557 352 L 558 351 L 559 351 L 562 348 L 562 343 L 564 343 L 566 341 L 567 341 L 569 339 L 580 339 L 581 340 L 583 340 L 584 339 L 585 339 L 586 338 L 588 338 L 589 337 L 591 337 L 592 336 L 595 336 L 596 335 L 598 335 L 599 334 L 600 334 L 601 333 L 603 333 L 604 332 L 606 332 L 607 331 L 608 331 L 609 330 L 611 330 L 612 329 L 614 329 L 615 328
22,classic,AF2,Africa,0,0,M 659 346 L 663 350 L 664 350 L 666 352 L 667 352 L 668 353 L 670 353 L 671 352 L 677 352 L 678 351 L 683 351 L 684 350 L 693 350 L 695 352 L 696 352 L 697 353 L 697 355 L 698 356 L 698 357 L 699 358 L 699 359 L 700 360 L 701 360 L 702 361 L 704 361 L 708 357 L 717 357 L 718 358 L 728 358 L 728 364 L 729 365 L 729 369 L 730 370 L 730 371 L 731 372 L 731 373 L 736 378 L 736 379 L 739 382 L 739 383 L 741 385 L 741 394 L 740 395 L 740 397 L 696 397 L 695 398 L 695 400 L 694 401 L 694 403 L 693 404 L 692 404 L 691 405 L 683 405 L 682 404 L 681 404 L 678 401 L 677 401 L 677 400 L 676 399 L 675 399 L 675 398 L 672 395 L 671 395 L 670 394 L 669 394 L 668 393 L 663 393 L 662 392 L 651 392 L 650 391 L 645 391 L 645 389 L 644 388 L 644 385 L 643 384 L 643 382 L 641 380 L 641 378 L 640 377 L 640 376 L 639 375 L 639 373 L 638 372 L 638 366 L 639 365 L 641 365 L 642 364 L 642 363 L 641 362 L 641 361 L 640 360 L 640 354 L 648 346
23,classic,AF3,Africa,0,0,M 746 399 L 746 400 L 748 402 L 748 403 L 750 405 L 750 406 L 753 409 L 753 410 L 754 411 L 754 412 L 756 414 L 756 415 L 759 418 L 759 419 L 761 421 L 761 422 L 765 426 L 765 434 L 767 436 L 767 437 L 771 441 L 771 442 L 772 443 L 773 443 L 774 444 L 774 445 L 775 446 L 801 446 L 802 445 L 808 445 L 808 450 L 807 450 L 806 451 L 806 453 L 805 454 L 805 455 L 804 456 L 804 457 L 803 458 L 803 459 L 802 460 L 802 461 L 801 462 L 801 463 L 800 464 L 800 465 L 799 466 L 799 467 L 797 469 L 797 470 L 796 471 L 796 472 L 795 473 L 795 474 L 794 475 L 794 476 L 791 479 L 791 480 L 789 482 L 789 483 L 783 489 L 783 490 L 778 495 L 778 496 L 777 497 L 769 497 L 767 499 L 766 499 L 765 500 L 765 501 L 763 503 L 763 505 L 762 506 L 762 509 L 759 512 L 759 513 L 757 515 L 757 516 L 756 517 L 756 518 L 755 519 L 755 521 L 754 522 L 754 523 L 753 524 L 753 526 L 752 527 L 752 529 L 751 530 L 752 531 L 752 532 L 756 536 L 756 540 L 754 542 L 753 542 L 752 543 L 751 543 L 750 544 L 749 544 L 747 546 L 746 546 L 745 547 L 744 547 L 742 549 L 739 549 L 738 550 L 738 554 L 737 555 L 737 558 L 736 559 L 736 561 L 730 561 L 730 545 L 729 544 L 729 542 L 727 540 L 727 539 L 726 538 L 725 538 L 725 537 L 724 536 L 723 536 L 723 534 L 718 529 L 716 529 L 716 523 L 715 522 L 715 511 L 716 511 L 717 510 L 717 509 L 718 509 L 720 507 L 720 505 L 721 504 L 721 499 L 722 499 L 723 498 L 725 498 L 726 497 L 726 496 L 728 494 L 728 493 L 730 491 L 730 490 L 734 486 L 734 485 L 735 484 L 735 483 L 734 482 L 734 481 L 733 480 L 733 479 L 731 477 L 730 477 L 728 475 L 726 475 L 725 476 L 716 476 L 716 474 L 715 473 L 715 472 L 712 469 L 707 469 L 707 465 L 706 464 L 706 459 L 705 458 L 705 457 L 704 456 L 703 456 L 701 454 L 699 454 L 698 453 L 696 453 L 695 452 L 693 452 L 690 449 L 690 448 L 689 447 L 689 441 L 687 439 L 687 430 L 688 430 L 689 429 L 689 428 L 691 426 L 691 424 L 692 423 L 692 420 L 693 419 L 693 414 L 692 413 L 692 405 L 693 404 L 693 403 L 694 402 L 694 401 L 696 399
24,classic,AF4,Africa,0,0,M 691 447 L 691 448 L 695 452 L 696 452 L 697 453 L 699 453 L 700 454 L 702 454 L 703 455 L 704 455 L 704 456 L 705 457 L 705 464 L 706 465 L 706 466 L 707 467 L 707 468 L 708 469 L 709 469 L 710 470 L 711 470 L 712 471 L 715 471 L 716 472 L 716 474 L 718 476 L 719 476 L 720 477 L 733 477 L 733 478 L 734 479 L 734 488 L 733 489 L 733 490 L 731 492 L 731 493 L 728 496 L 728 497 L 724 497 L 721 500 L 720 500 L 719 501 L 719 510 L 717 512 L 716 512 L 715 513 L 715 514 L 714 515 L 714 531 L 713 532 L 712 532 L 711 533 L 711 534 L 709 536 L 709 540 L 710 541 L 710 548 L 707 548 L 706 547 L 705 547 L 703 545 L 702 545 L 701 544 L 700 544 L 699 543 L 698 543 L 697 542 L 694 542 L 693 541 L 691 541 L 690 540 L 688 540 L 687 539 L 685 539 L 684 538 L 683 538 L 682 537 L 682 535 L 681 534 L 681 531 L 680 530 L 680 528 L 678 526 L 677 526 L 675 524 L 674 525 L 664 525 L 664 524 L 663 523 L 663 521 L 658 516 L 657 516 L 656 515 L 655 515 L 655 514 L 654 513 L 653 513 L 652 512 L 651 513 L 649 513 L 648 514 L 640 514 L 639 513 L 638 513 L 638 512 L 637 511 L 637 510 L 635 508 L 635 507 L 633 505 L 632 505 L 630 503 L 628 503 L 627 502 L 625 502 L 625 498 L 626 497 L 626 496 L 627 496 L 628 495 L 628 493 L 629 493 L 630 492 L 630 491 L 631 491 L 632 490 L 632 489 L 633 488 L 633 487 L 634 486 L 634 484 L 643 484 L 644 483 L 654 483 L 655 484 L 658 484 L 659 483 L 660 483 L 661 482 L 661 479 L 662 478 L 662 473 L 661 472 L 661 471 L 660 470 L 660 465 L 661 464 L 661 463 L 662 463 L 663 462 L 664 462 L 665 461 L 666 461 L 667 460 L 669 460 L 670 459 L 671 459 L 672 458 L 673 458 L 674 457 L 675 457 L 676 456 L 677 456 L 679 454 L 680 454 L 683 451 L 683 450 L 684 450 L 685 449 L 685 447
25,classic,AF6,Africa,0,0,M 831 538 L 832 539 L 832 546 L 831 547 L 831 548 L 830 549 L 830 551 L 829 552 L 829 567 L 828 568 L 828 570 L 827 571 L 827 573 L 826 574 L 826 576 L 825 577 L 825 579 L 824 580 L 824 581 L 822 581 L 821 582 L 821 587 L 820 588 L 820 589 L 818 591 L 818 592 L 817 593 L 817 594 L 813 598 L 813 599 L 811 601 L 811 602 L 810 603 L 810 604 L 809 605 L 809 607 L 808 608 L 808 610 L 807 611 L 807 612 L 805 614 L 805 615 L 804 616 L 804 617 L 802 619 L 801 619 L 800 620 L 801 621 L 802 621 L 802 622 L 801 623 L 800 623 L 799 624 L 797 624 L 796 625 L 794 625 L 793 626 L 786 626 L 785 625 L 785 619 L 786 618 L 786 616 L 785 615 L 785 612 L 782 609 L 782 602 L 784 600 L 784 599 L 785 598 L 785 597 L 786 596 L 786 594 L 787 593 L 787 592 L 788 591 L 788 575 L 790 573 L 790 572 L 791 571 L 791 570 L 792 569 L 792 564 L 793 563 L 795 563 L 796 562 L 800 562 L 801 561 L 804 561 L 806 559 L 807 559 L 809 557 L 810 557 L 812 555 L 814 555 L 816 553 L 816 552 L 817 551 L 817 550 L 819 548 L 819 547 L 820 546 L 820 544 L 821 544 L 824 541 L 825 541 L 826 540 L 826 539 L 827 538
26,classic,AF5,Africa,0,0,M 650 514 L 651 515 L 652 514 L 656 514 L 657 515 L 658 515 L 659 516 L 660 516 L 661 517 L 662 517 L 663 518 L 663 520 L 664 521 L 664 522 L 665 523 L 665 524 L 666 525 L 668 525 L 669 526 L 681 526 L 681 530 L 682 531 L 682 534 L 687 539 L 689 539 L 690 540 L 691 540 L 692 541 L 694 541 L 695 542 L 697 542 L 698 543 L 701 543 L 702 544 L 704 544 L 705 545 L 706 545 L 707 546 L 708 546 L 709 547 L 710 546 L 710 544 L 709 543 L 709 533 L 710 532 L 710 531 L 712 531 L 713 530 L 722 530 L 723 531 L 723 532 L 725 534 L 725 535 L 728 538 L 728 539 L 729 540 L 729 559 L 731 561 L 733 561 L 734 562 L 736 560 L 736 558 L 737 557 L 737 553 L 738 552 L 738 550 L 742 546 L 744 546 L 745 545 L 746 545 L 747 546 L 748 546 L 749 545 L 749 544 L 751 542 L 753 542 L 754 541 L 759 541 L 759 555 L 758 556 L 758 562 L 753 567 L 753 568 L 751 570 L 751 571 L 749 573 L 749 574 L 743 580 L 742 580 L 741 581 L 741 583 L 740 583 L 739 584 L 739 589 L 737 591 L 736 591 L 735 592 L 735 593 L 734 594 L 734 595 L 733 596 L 733 604 L 732 605 L 732 606 L 731 607 L 731 608 L 727 612 L 727 613 L 722 618 L 721 618 L 720 619 L 720 620 L 719 621 L 718 621 L 717 622 L 717 625 L 716 625 L 714 627 L 713 627 L 710 630 L 709 630 L 708 631 L 707 631 L 705 633 L 704 633 L 701 636 L 700 636 L 699 637 L 699 638 L 697 638 L 695 640 L 694 640 L 693 641 L 692 641 L 691 642 L 690 642 L 689 643 L 687 643 L 686 644 L 683 644 L 682 645 L 679 645 L 678 646 L 676 646 L 675 647 L 674 647 L 672 649 L 671 649 L 670 650 L 663 650 L 662 649 L 661 649 L 661 648 L 660 647 L 659 647 L 659 645 L 658 644 L 658 642 L 657 641 L 657 630 L 656 629 L 656 617 L 655 616 L 655 615 L 654 614 L 654 613 L 653 612 L 652 612 L 652 611 L 651 610 L 651 600 L 649 598 L 649 596 L 648 595 L 648 594 L 647 593 L 647 591 L 645 589 L 645 588 L 644 587 L 644 585 L 641 582 L 641 581 L 640 580 L 640 579 L 639 578 L 638 578 L 638 576 L 635 573 L 635 567 L 636 566 L 636 565 L 638 563 L 638 562 L 639 561 L 639 560 L 641 558 L 641 557 L 642 556 L 642 554 L 643 553 L 643 549 L 642 548 L 642 540 L 641 539 L 641 530 L 642 529 L 642 528 L 644 526 L 644 524 L 643 523 L 643 522 L 642 521 L 642 515 L 643 515 L 644 514
27,classic,AU1,Australia,0,0,M 1063 519 L 1064 520 L 1065 520 L 1065 525 L 1066 526 L 1066 537 L 1067 538 L 1067 552 L 1068 553 L 1068 568 L 1069 569 L 1069 575 L 1070 576 L 1071 576 L 1074 579 L 1115 579 L 1116 580 L 1118 580 L 1118 595 L 1119 596 L 1119 623 L 1120 624 L 1120 631 L 1121 632 L 1121 633 L 1122 634 L 1122 651 L 1115 651 L 1112 648 L 1112 647 L 1110 645 L 1110 643 L 1109 642 L 1108 642 L 1108 640 L 1107 639 L 1106 639 L 1106 638 L 1101 633 L 1100 633 L 1096 629 L 1095 629 L 1095 628 L 1093 626 L 1093 625 L 1092 624 L 1091 624 L 1091 623 L 1087 619 L 1086 619 L 1085 618 L 1082 618 L 1081 617 L 1078 617 L 1077 616 L 1070 616 L 1069 617 L 1067 617 L 1066 618 L 1065 618 L 1064 619 L 1063 619 L 1061 621 L 1060 621 L 1058 623 L 1057 623 L 1055 625 L 1054 625 L 1050 629 L 1044 629 L 1043 630 L 1040 630 L 1039 631 L 1036 631 L 1035 632 L 1033 632 L 1032 633 L 1031 633 L 1030 634 L 1029 634 L 1027 636 L 1025 636 L 1024 637 L 1022 637 L 1021 638 L 1012 638 L 1011 637 L 1009 637 L 1008 636 L 1007 636 L 1006 635 L 1006 634 L 1005 633 L 1005 618 L 1004 617 L 1004 616 L 1002 614 L 1001 614 L 998 611 L 998 610 L 997 609 L 997 607 L 996 606 L 996 604 L 995 603 L 995 601 L 994 600 L 994 599 L 992 597 L 992 596 L 991 595 L 991 591 L 992 590 L 992 589 L 993 589 L 994 588 L 994 587 L 995 586 L 995 585 L 996 584 L 996 581 L 997 580 L 997 569 L 996 568 L 996 567 L 997 566 L 996 565 L 993 565 L 993 562 L 994 561 L 996 561 L 997 560 L 997 559 L 998 559 L 999 558 L 1000 558 L 1002 556 L 1003 556 L 1005 554 L 1018 554 L 1019 553 L 1021 553 L 1023 551 L 1024 551 L 1026 549 L 1026 548 L 1028 546 L 1028 545 L 1029 545 L 1031 543 L 1031 542 L 1033 540 L 1033 539 L 1034 539 L 1041 532 L 1049 532 L 1051 530 L 1052 530 L 1053 529 L 1053 528 L 1055 526 L 1055 519
28,classic,AU2,Australia,0,0,M 1101 504 L 1103 506 L 1103 512 L 1102 513 L 1102 514 L 1098 518 L 1097 518 L 1096 519 L 1096 521 L 1097 522 L 1098 522 L 1099 523 L 1101 523 L 1102 522 L 1111 522 L 1111 523 L 1112 524 L 1112 525 L 1114 527 L 1114 528 L 1115 529 L 1116 528 L 1116 527 L 1117 526 L 1117 519 L 1118 519 L 1119 518 L 1119 517 L 1128 517 L 1129 518 L 1130 518 L 1132 516 L 1139 516 L 1142 519 L 1142 521 L 1143 522 L 1143 526 L 1144 527 L 1144 538 L 1145 539 L 1145 542 L 1146 543 L 1147 543 L 1148 544 L 1151 544 L 1152 545 L 1155 545 L 1156 546 L 1157 546 L 1158 547 L 1159 547 L 1159 556 L 1160 557 L 1161 557 L 1161 558 L 1167 564 L 1167 565 L 1171 569 L 1171 570 L 1173 572 L 1173 574 L 1174 575 L 1174 577 L 1175 578 L 1175 580 L 1176 581 L 1176 590 L 1175 591 L 1175 608 L 1174 609 L 1173 609 L 1172 610 L 1171 610 L 1170 611 L 1170 614 L 1171 615 L 1171 616 L 1172 617 L 1172 621 L 1171 622 L 1171 623 L 1170 623 L 1166 627 L 1166 628 L 1164 630 L 1164 632 L 1163 633 L 1163 636 L 1162 637 L 1162 646 L 1161 647 L 1161 650 L 1160 651 L 1160 653 L 1151 653 L 1150 654 L 1148 654 L 1146 656 L 1145 656 L 1142 659 L 1142 660 L 1141 661 L 1134 661 L 1132 659 L 1131 659 L 1129 657 L 1124 657 L 1124 642 L 1123 641 L 1123 636 L 1122 635 L 1121 635 L 1121 627 L 1120 626 L 1120 599 L 1119 598 L 1119 583 L 1114 578 L 1106 578 L 1105 577 L 1070 577 L 1070 574 L 1069 573 L 1069 555 L 1068 554 L 1068 541 L 1067 540 L 1067 529 L 1066 528 L 1066 510 L 1067 509 L 1068 509 L 1069 508 L 1070 508 L 1072 506 L 1080 506 L 1081 507 L 1082 507 L 1084 505 L 1085 505 L 1086 504
29,classic,AU3,Australia,0,0,M 1072 429 L 1073 430 L 1076 430 L 1077 431 L 1085 431 L 1085 432 L 1086 433 L 1087 433 L 1088 432 L 1088 431 L 1089 431 L 1090 430 L 1108 430 L 1109 431 L 1112 431 L 1113 432 L 1114 432 L 1115 433 L 1115 435 L 1116 436 L 1116 438 L 1118 440 L 1118 441 L 1119 442 L 1121 442 L 1122 443 L 1126 443 L 1127 444 L 1129 444 L 1130 445 L 1133 445 L 1134 446 L 1135 446 L 1135 447 L 1136 448 L 1136 452 L 1137 453 L 1137 454 L 1138 455 L 1139 455 L 1140 456 L 1141 456 L 1142 457 L 1143 457 L 1144 458 L 1145 458 L 1148 461 L 1148 466 L 1147 466 L 1146 467 L 1146 470 L 1150 474 L 1150 476 L 1151 477 L 1151 486 L 1135 486 L 1131 482 L 1130 482 L 1129 481 L 1126 481 L 1125 482 L 1115 482 L 1114 481 L 1110 481 L 1107 484 L 1101 484 L 1099 482 L 1098 482 L 1098 481 L 1093 476 L 1092 476 L 1091 475 L 1088 475 L 1088 467 L 1089 466 L 1089 462 L 1090 461 L 1090 458 L 1088 456 L 1073 456 L 1070 453 L 1070 452 L 1069 451 L 1069 450 L 1067 448 L 1067 447 L 1064 444 L 1063 444 L 1063 443 L 1060 440 L 1059 440 L 1059 433 L 1060 432 L 1060 430 L 1061 429
30,classic,AU4,Australia,0,0,M 1010 442 L 1011 443 L 1013 443 L 1013 445 L 1014 446 L 1014 455 L 1013 456 L 1013 458 L 1012 458 L 1011 459 L 1011 469 L 1009 471 L 1009 473 L 1008 474 L 1008 476 L 1007 477 L 1007 478 L 1006 479 L 1006 483 L 1008 485 L 1008 493 L 1007 494 L 1007 497 L 1006 498 L 1006 499 L 1004 501 L 1002 501 L 1001 502 L 986 502 L 985 501 L 984 501 L 982 499 L 981 499 L 979 497 L 979 492 L 980 491 L 980 490 L 978 488 L 978 487 L 975 484 L 975 481 L 974 480 L 974 465 L 978 465 L 979 464 L 981 464 L 983 462 L 984 462 L 991 455 L 991 454 L 993 452 L 993 451 L 994 450 L 994 445 L 996 445 L 998 443 L 998 442M 926 451 L 927 452 L 933 452 L 934 453 L 935 453 L 936 454 L 936 456 L 938 458 L 938 459 L 939 460 L 939 461 L 941 463 L 942 463 L 943 462 L 950 462 L 954 466 L 955 466 L 957 468 L 958 468 L 959 469 L 960 469 L 960 470 L 961 471 L 962 471 L 963 472 L 963 481 L 964 482 L 964 483 L 965 484 L 965 485 L 967 487 L 967 488 L 970 491 L 970 496 L 971 497 L 971 498 L 972 499 L 972 500 L 973 501 L 973 507 L 972 508 L 972 509 L 970 511 L 970 512 L 968 514 L 967 514 L 966 515 L 959 515 L 958 514 L 958 513 L 957 512 L 956 512 L 956 510 L 955 509 L 955 508 L 954 507 L 953 507 L 953 505 L 952 504 L 951 504 L 951 502 L 949 500 L 949 498 L 946 495 L 946 494 L 945 493 L 944 493 L 944 492 L 936 484 L 936 482 L 935 481 L 935 479 L 933 477 L 933 476 L 932 475 L 931 475 L 931 474 L 930 473 L 929 473 L 929 472 L 928 471 L 927 471 L 925 469 L 924 469 L 923 468 L 922 468 L 920 466 L 919 466 L 918 465 L 918 451M 1042 466 L 1042 471 L 1040 473 L 1040 474 L 1036 478 L 1036 487 L 1035 487 L 1033 489 L 1033 490 L 1034 491 L 1035 491 L 1037 493 L 1038 493 L 1038 494 L 1039 495 L 1039 497 L 1041 499 L 1041 500 L 1042 501 L 1042 505 L 1041 506 L 1037 506 L 1036 507 L 1035 507 L 1033 509 L 1032 509 L 1031 510 L 1023 510 L 1020 507 L 1020 506 L 1019 505 L 1019 504 L 1018 503 L 1018 501 L 1017 500 L 1016 500 L 1016 486 L 1017 485 L 1017 484 L 1018 483 L 1018 480 L 1017 479 L 1017 473 L 1026 473 L 1027 472 L 1029 472 L 1031 470 L 1031 469 L 1032 469 L 1035 466M 1000 516 L 1001 517 L 1002 517 L 1004 519 L 1004 520 L 1006 522 L 1006 530 L 1005 531 L 1005 532 L 1004 532 L 1000 536 L 999 536 L 998 537 L 988 537 L 985 534 L 984 534 L 982 532 L 981 532 L 980 531 L 980 523 L 981 523 L 983 521 L 984 521 L 985 520 L 986 520 L 988 518 L 988 517 L 989 517 L 990 516
31,classic,AS1,Asia,0,0,M 791 286 L 793 288 L 794 288 L 795 289 L 796 289 L 797 290 L 798 290 L 800 292 L 801 292 L 803 294 L 804 294 L 805 293 L 806 293 L 807 292 L 829 292 L 830 293 L 832 293 L 834 295 L 835 295 L 837 297 L 837 298 L 838 299 L 838 312 L 837 313 L 837 317 L 839 319 L 839 320 L 841 322 L 841 323 L 843 325 L 843 326 L 844 327 L 844 328 L 845 329 L 845 330 L 847 332 L 847 333 L 848 334 L 848 335 L 849 336 L 849 349 L 840 358 L 835 358 L 834 357 L 834 356 L 830 352 L 827 352 L 826 353 L 820 353 L 819 352 L 818 352 L 816 350 L 815 350 L 813 348 L 812 348 L 811 347 L 807 347 L 805 349 L 804 349 L 803 350 L 803 353 L 808 358 L 809 358 L 810 359 L 810 361 L 811 362 L 811 364 L 813 366 L 813 367 L 816 370 L 816 371 L 818 373 L 820 373 L 821 372 L 822 372 L 823 371 L 834 371 L 834 372 L 837 375 L 837 376 L 840 379 L 840 385 L 839 386 L 839 387 L 837 389 L 837 390 L 836 391 L 836 394 L 835 395 L 835 397 L 834 398 L 834 400 L 833 401 L 833 403 L 832 404 L 832 406 L 831 407 L 831 408 L 830 409 L 830 411 L 823 411 L 822 412 L 821 412 L 820 413 L 819 413 L 817 415 L 816 415 L 814 417 L 813 417 L 811 419 L 810 419 L 809 420 L 798 420 L 797 419 L 795 419 L 794 418 L 792 418 L 791 417 L 789 417 L 789 416 L 786 413 L 786 412 L 784 410 L 784 409 L 780 405 L 779 405 L 777 403 L 776 403 L 775 402 L 774 402 L 772 400 L 772 399 L 770 397 L 770 396 L 769 395 L 768 395 L 767 394 L 759 394 L 757 392 L 756 392 L 756 391 L 755 390 L 754 390 L 754 388 L 753 387 L 753 386 L 752 385 L 751 385 L 751 383 L 749 381 L 749 379 L 748 378 L 747 378 L 747 376 L 745 374 L 745 373 L 744 372 L 744 371 L 743 370 L 743 369 L 742 368 L 742 367 L 741 366 L 741 365 L 740 364 L 740 362 L 739 361 L 738 361 L 738 360 L 736 358 L 736 352 L 737 352 L 738 351 L 738 350 L 739 350 L 740 349 L 740 346 L 741 345 L 740 344 L 740 329 L 739 328 L 739 325 L 738 324 L 736 324 L 735 325 L 734 325 L 733 326 L 731 326 L 730 327 L 728 327 L 727 328 L 708 328 L 707 327 L 706 327 L 704 325 L 697 325 L 697 324 L 696 323 L 695 323 L 695 321 L 693 319 L 693 317 L 692 316 L 692 308 L 694 306 L 694 304 L 696 302 L 696 301 L 698 299 L 698 297 L 699 296 L 699 294 L 700 293 L 711 293 L 712 292 L 715 292 L 716 291 L 717 291 L 719 289 L 720 289 L 721 288 L 730 288 L 731 289 L 732 289 L 733 290 L 734 290 L 735 291 L 736 291 L 738 293 L 739 293 L 741 295 L 743 295 L 744 294 L 746 294 L 748 292 L 749 292 L 751 290 L 761 290 L 762 291 L 765 291 L 767 293 L 771 293 L 772 292 L 773 292 L 774 291 L 775 291 L 776 290 L 777 290 L 778 289 L 779 289 L 780 288 L 781 288 L 783 286
32,classic,AS2,Asia,0,0,M 890 279 L 895 284 L 901 284 L 901 286 L 902 287 L 902 290 L 903 291 L 903 303 L 906 306 L 911 306 L 912 307 L 913 307 L 916 310 L 917 310 L 921 314 L 922 314 L 924 316 L 925 316 L 926 317 L 934 317 L 936 319 L 936 320 L 938 322 L 938 323 L 939 324 L 946 324 L 947 323 L 958 323 L 958 324 L 959 325 L 959 336 L 957 338 L 957 339 L 953 343 L 953 344 L 951 346 L 951 347 L 950 347 L 949 348 L 947 348 L 946 349 L 947 350 L 947 351 L 945 353 L 945 354 L 941 358 L 939 358 L 938 359 L 938 360 L 935 360 L 934 361 L 932 361 L 931 362 L 932 363 L 932 370 L 931 371 L 931 373 L 930 374 L 930 376 L 929 377 L 929 379 L 928 380 L 928 381 L 927 382 L 927 384 L 925 386 L 925 388 L 924 389 L 924 390 L 923 391 L 923 392 L 922 393 L 922 394 L 921 395 L 921 396 L 922 397 L 922 399 L 923 400 L 923 401 L 924 402 L 924 403 L 925 404 L 925 406 L 926 407 L 926 414 L 925 415 L 924 415 L 922 417 L 921 417 L 919 419 L 918 419 L 914 423 L 913 423 L 912 424 L 904 424 L 904 422 L 902 420 L 902 419 L 901 418 L 900 418 L 900 417 L 897 414 L 897 413 L 896 412 L 895 412 L 895 411 L 893 409 L 893 408 L 891 406 L 891 405 L 889 403 L 889 402 L 886 399 L 886 398 L 884 396 L 884 395 L 883 394 L 883 376 L 882 375 L 876 375 L 876 374 L 873 371 L 872 371 L 872 370 L 871 369 L 871 363 L 870 362 L 871 361 L 871 359 L 872 358 L 869 355 L 868 355 L 867 356 L 867 358 L 864 355 L 863 355 L 861 353 L 860 353 L 859 352 L 859 351 L 858 350 L 859 350 L 860 349 L 859 348 L 858 348 L 857 347 L 855 347 L 854 346 L 852 346 L 851 345 L 851 339 L 850 338 L 849 338 L 849 337 L 846 334 L 846 333 L 844 331 L 844 330 L 842 328 L 842 327 L 841 326 L 841 325 L 839 323 L 839 322 L 837 320 L 837 308 L 838 307 L 838 304 L 839 303 L 839 301 L 840 300 L 840 299 L 843 296 L 844 296 L 848 292 L 848 291 L 849 290 L 849 289 L 850 289 L 851 288 L 852 288 L 853 287 L 854 287 L 856 285 L 857 285 L 858 284 L 867 284 L 868 285 L 871 285 L 872 286 L 873 286 L 874 285 L 875 285 L 878 282 L 879 282 L 880 281 L 881 281 L 882 280 L 884 280 L 885 279
33,classic,AS3,Asia,0,0,M 971 329 L 972 330 L 973 330 L 975 332 L 976 332 L 978 334 L 979 334 L 980 335 L 981 335 L 983 337 L 986 337 L 987 336 L 999 336 L 1000 337 L 1002 337 L 1004 339 L 1005 339 L 1008 342 L 1008 346 L 1007 347 L 1005 347 L 1004 348 L 1004 349 L 1003 349 L 1001 351 L 1001 355 L 1005 359 L 1007 359 L 1008 360 L 1012 360 L 1012 362 L 1013 363 L 1013 364 L 1017 368 L 1018 368 L 1019 369 L 1021 369 L 1021 371 L 1022 372 L 1022 375 L 1023 376 L 1023 377 L 1024 378 L 1024 380 L 1025 381 L 1025 382 L 1027 384 L 1027 385 L 1028 386 L 1028 387 L 1029 388 L 1029 397 L 1028 398 L 1028 400 L 1027 401 L 1027 403 L 1026 404 L 1026 406 L 1024 408 L 1024 410 L 1022 410 L 1021 411 L 1019 411 L 1017 413 L 1016 413 L 1015 414 L 1015 415 L 1013 417 L 1007 417 L 1007 416 L 1006 415 L 1005 415 L 1005 413 L 1002 410 L 1002 409 L 1001 408 L 1000 408 L 1000 407 L 997 404 L 997 403 L 995 401 L 995 400 L 994 399 L 993 399 L 995 399 L 996 398 L 995 397 L 990 397 L 989 398 L 987 398 L 986 399 L 986 400 L 987 401 L 987 404 L 988 405 L 988 407 L 989 408 L 989 411 L 990 412 L 990 415 L 991 416 L 991 417 L 992 418 L 992 420 L 993 421 L 993 422 L 994 423 L 994 430 L 993 431 L 985 431 L 984 430 L 983 430 L 983 429 L 981 427 L 981 426 L 980 425 L 980 424 L 979 423 L 979 420 L 978 419 L 978 416 L 977 415 L 977 414 L 976 413 L 976 411 L 975 410 L 975 407 L 974 406 L 974 400 L 972 398 L 971 398 L 968 395 L 966 395 L 965 394 L 957 394 L 957 393 L 956 392 L 956 389 L 955 388 L 955 386 L 953 384 L 953 382 L 952 381 L 952 378 L 951 377 L 951 375 L 950 374 L 950 372 L 949 371 L 949 360 L 950 359 L 948 357 L 948 349 L 949 348 L 949 346 L 950 346 L 951 345 L 951 344 L 954 341 L 954 340 L 955 339 L 955 337 L 956 337 L 957 336 L 957 334 L 958 334 L 959 333 L 959 331 L 960 331 L 961 330 L 962 330 L 963 329
34,classic,AS4,Asia,0,0,M 836 192 L 840 196 L 841 196 L 863 218 L 864 218 L 865 219 L 884 219 L 887 222 L 887 223 L 892 228 L 892 251 L 891 252 L 891 253 L 889 255 L 889 256 L 887 258 L 885 258 L 884 259 L 883 259 L 882 260 L 881 260 L 880 261 L 880 262 L 879 263 L 879 264 L 878 265 L 878 272 L 880 274 L 880 284 L 879 285 L 864 285 L 863 284 L 862 284 L 861 285 L 860 285 L 859 286 L 858 286 L 857 287 L 856 287 L 855 288 L 854 288 L 852 290 L 851 290 L 850 291 L 850 293 L 849 293 L 848 294 L 848 295 L 847 296 L 847 297 L 846 298 L 846 299 L 845 300 L 836 300 L 834 298 L 833 298 L 830 295 L 829 295 L 827 293 L 825 293 L 824 292 L 819 292 L 818 291 L 811 291 L 811 284 L 810 283 L 810 281 L 809 280 L 809 279 L 808 278 L 808 277 L 807 276 L 807 274 L 804 271 L 804 265 L 803 264 L 803 263 L 802 262 L 802 261 L 798 257 L 798 256 L 797 255 L 797 253 L 796 252 L 795 252 L 795 250 L 794 249 L 794 246 L 798 242 L 799 242 L 801 240 L 802 240 L 804 238 L 804 236 L 805 235 L 805 231 L 804 230 L 803 231 L 803 232 L 801 230 L 799 230 L 798 231 L 798 233 L 789 233 L 788 232 L 784 232 L 783 231 L 782 231 L 782 214 L 783 213 L 783 212 L 785 210 L 787 210 L 788 209 L 803 209 L 804 208 L 805 208 L 806 207 L 806 206 L 813 206 L 814 205 L 822 205 L 823 204 L 823 203 L 824 202 L 825 202 L 826 201 L 826 200 L 827 199 L 827 197 L 828 197 L 829 196 L 829 193 L 830 192
35,classic,AS5,Asia,0,0,M 912 211 L 913 212 L 923 212 L 927 216 L 927 224 L 926 225 L 928 227 L 931 227 L 932 228 L 935 228 L 936 229 L 937 229 L 944 236 L 944 237 L 951 244 L 951 245 L 957 251 L 957 252 L 959 254 L 960 254 L 961 255 L 962 255 L 963 256 L 981 256 L 982 257 L 990 257 L 991 258 L 996 258 L 997 259 L 1000 259 L 1001 260 L 1003 260 L 1004 261 L 1005 261 L 1006 262 L 1007 262 L 1008 263 L 1026 263 L 1027 264 L 1029 264 L 1030 265 L 1031 265 L 1032 266 L 1032 267 L 1033 268 L 1033 269 L 1034 270 L 1034 271 L 1035 272 L 1035 273 L 1037 275 L 1037 276 L 1038 277 L 1038 278 L 1040 280 L 1040 281 L 1044 285 L 1044 296 L 1045 297 L 1049 297 L 1049 303 L 1048 304 L 1048 306 L 1047 307 L 1047 309 L 1046 310 L 1046 312 L 1045 313 L 1045 314 L 1044 314 L 1043 313 L 1042 314 L 1042 318 L 1041 319 L 1041 320 L 1040 321 L 1040 322 L 1039 323 L 1039 324 L 1037 326 L 1037 327 L 1036 328 L 1036 329 L 1031 334 L 1031 335 L 1024 342 L 1023 342 L 1022 343 L 1022 344 L 1021 344 L 1019 346 L 1012 346 L 1012 342 L 1011 341 L 1008 341 L 1007 340 L 1005 340 L 1004 339 L 1003 339 L 1001 337 L 1000 337 L 999 336 L 998 336 L 997 335 L 996 335 L 995 334 L 992 334 L 990 336 L 989 336 L 988 337 L 982 337 L 981 336 L 980 336 L 979 335 L 978 335 L 976 333 L 974 333 L 969 328 L 960 328 L 959 327 L 959 326 L 958 325 L 957 325 L 957 323 L 956 322 L 954 322 L 953 321 L 951 321 L 950 322 L 947 322 L 946 323 L 936 323 L 936 322 L 933 319 L 933 318 L 932 317 L 924 317 L 923 316 L 922 316 L 919 313 L 918 313 L 913 308 L 912 308 L 910 306 L 909 306 L 908 305 L 906 305 L 905 304 L 903 304 L 903 300 L 904 299 L 904 295 L 903 294 L 903 291 L 902 290 L 902 288 L 901 287 L 901 286 L 900 285 L 900 284 L 899 283 L 897 283 L 896 282 L 892 282 L 892 281 L 889 278 L 880 278 L 878 276 L 878 261 L 879 260 L 881 260 L 884 257 L 885 257 L 886 256 L 886 255 L 889 252 L 889 250 L 890 250 L 891 249 L 891 247 L 893 245 L 893 229 L 897 225 L 897 224 L 898 223 L 898 216 L 899 216 L 904 211
36,classic,AS6,Asia,0,0,M 1130 180 L 1134 184 L 1134 190 L 1133 191 L 1131 191 L 1129 193 L 1128 193 L 1127 194 L 1126 194 L 1125 195 L 1125 196 L 1124 196 L 1123 197 L 1123 198 L 1122 199 L 1122 201 L 1121 202 L 1121 206 L 1122 207 L 1123 207 L 1123 209 L 1124 210 L 1126 210 L 1127 211 L 1127 215 L 1126 216 L 1126 219 L 1127 220 L 1127 222 L 1128 223 L 1128 224 L 1129 225 L 1129 226 L 1131 228 L 1131 229 L 1133 231 L 1133 236 L 1131 236 L 1130 237 L 1128 237 L 1127 238 L 1127 239 L 1126 240 L 1126 241 L 1121 246 L 1120 246 L 1117 249 L 1116 249 L 1114 251 L 1113 251 L 1111 253 L 1111 254 L 1109 256 L 1109 258 L 1108 259 L 1108 261 L 1107 261 L 1106 262 L 1105 262 L 1104 263 L 1100 263 L 1099 264 L 1097 264 L 1094 267 L 1095 268 L 1095 271 L 1094 272 L 1094 273 L 1093 273 L 1090 276 L 1089 276 L 1088 277 L 1078 277 L 1076 275 L 1076 268 L 1077 267 L 1077 256 L 1078 255 L 1078 254 L 1079 253 L 1079 252 L 1080 252 L 1081 251 L 1082 251 L 1083 250 L 1083 248 L 1084 247 L 1084 245 L 1088 245 L 1089 244 L 1089 242 L 1090 241 L 1090 240 L 1091 239 L 1091 237 L 1092 236 L 1092 231 L 1093 230 L 1095 230 L 1097 228 L 1098 228 L 1103 223 L 1103 222 L 1104 221 L 1104 220 L 1103 219 L 1103 217 L 1101 215 L 1101 214 L 1100 213 L 1100 207 L 1099 206 L 1099 203 L 1098 202 L 1098 201 L 1097 200 L 1097 199 L 1096 198 L 1096 194 L 1100 190 L 1100 189 L 1102 187 L 1102 181 L 1111 181 L 1112 182 L 1115 182 L 1116 181 L 1120 181 L 1121 180
37,classic,AS7,Asia,0,0,M 1017 186 L 1017 187 L 1019 189 L 1019 190 L 1026 197 L 1027 197 L 1028 198 L 1030 198 L 1031 199 L 1034 199 L 1034 210 L 1035 211 L 1035 214 L 1037 216 L 1037 217 L 1039 219 L 1041 219 L 1042 220 L 1046 220 L 1047 221 L 1049 221 L 1049 227 L 1046 230 L 1046 231 L 1045 232 L 1045 236 L 1046 237 L 1046 239 L 1047 240 L 1047 241 L 1048 242 L 1051 242 L 1052 241 L 1057 241 L 1058 242 L 1058 251 L 1057 252 L 1057 259 L 1056 260 L 1052 260 L 1051 259 L 1051 258 L 1050 257 L 1049 257 L 1049 255 L 1048 254 L 1047 254 L 1045 252 L 1044 252 L 1043 251 L 1040 251 L 1040 250 L 1039 249 L 1039 248 L 1038 247 L 1033 247 L 1032 248 L 1032 249 L 1031 250 L 1031 253 L 1032 254 L 1033 254 L 1034 255 L 1034 263 L 1018 263 L 1017 262 L 1014 262 L 1013 263 L 1003 263 L 1001 261 L 1000 261 L 999 260 L 998 260 L 997 259 L 995 259 L 994 258 L 991 258 L 990 257 L 985 257 L 984 256 L 976 256 L 975 255 L 956 255 L 956 254 L 954 252 L 954 251 L 951 248 L 950 248 L 950 247 L 948 245 L 948 244 L 944 240 L 943 240 L 943 239 L 940 236 L 940 235 L 939 234 L 938 234 L 938 233 L 936 231 L 936 223 L 937 222 L 937 220 L 938 219 L 937 218 L 937 216 L 936 215 L 936 211 L 935 210 L 935 200 L 945 200 L 947 202 L 948 202 L 950 204 L 951 204 L 952 203 L 968 203 L 969 204 L 979 204 L 980 205 L 984 205 L 985 204 L 986 204 L 987 203 L 988 203 L 989 202 L 989 201 L 990 200 L 997 200 L 998 201 L 999 201 L 1000 200 L 999 199 L 999 193 L 1003 189 L 1003 188 L 1004 188 L 1005 187 L 1005 186
38,classic,AS8,Asia,0,0,M 830 77 L 831 78 L 836 78 L 836 86 L 837 87 L 837 88 L 839 90 L 839 91 L 840 92 L 840 93 L 841 94 L 841 95 L 842 96 L 842 97 L 843 98 L 844 98 L 844 102 L 845 103 L 853 103 L 854 104 L 858 104 L 858 110 L 859 111 L 859 112 L 860 113 L 861 113 L 864 116 L 865 116 L 867 118 L 868 118 L 870 120 L 870 121 L 871 122 L 871 129 L 872 130 L 872 131 L 873 132 L 873 133 L 875 135 L 875 136 L 879 140 L 879 141 L 881 143 L 881 144 L 883 146 L 883 147 L 888 152 L 888 160 L 881 167 L 881 168 L 879 170 L 879 173 L 880 174 L 880 175 L 881 176 L 888 176 L 888 186 L 889 187 L 890 187 L 893 190 L 897 190 L 897 191 L 899 193 L 899 194 L 900 195 L 900 196 L 902 198 L 902 200 L 904 202 L 904 203 L 906 205 L 906 212 L 903 215 L 902 215 L 899 218 L 899 219 L 898 220 L 898 221 L 897 222 L 897 228 L 888 228 L 888 227 L 886 225 L 886 224 L 884 222 L 883 222 L 881 220 L 880 220 L 879 219 L 878 219 L 877 218 L 873 218 L 872 219 L 861 219 L 856 214 L 855 214 L 855 213 L 853 211 L 853 210 L 842 199 L 841 199 L 841 198 L 840 197 L 840 196 L 839 195 L 838 195 L 838 193 L 837 192 L 835 192 L 834 191 L 835 190 L 834 189 L 834 188 L 835 187 L 837 187 L 838 186 L 838 185 L 839 184 L 839 183 L 840 182 L 840 180 L 841 179 L 841 170 L 839 168 L 839 167 L 838 166 L 837 166 L 836 167 L 831 167 L 830 166 L 827 166 L 827 158 L 828 157 L 828 156 L 830 154 L 830 152 L 829 151 L 827 151 L 826 150 L 825 150 L 825 145 L 824 144 L 824 141 L 823 140 L 823 139 L 822 138 L 822 130 L 824 128 L 824 127 L 827 124 L 827 122 L 828 121 L 828 120 L 829 119 L 829 116 L 830 115 L 830 112 L 831 111 L 831 105 L 830 104 L 830 101 L 829 100 L 829 98 L 828 97 L 828 95 L 827 94 L 826 94 L 826 92 L 825 91 L 824 91 L 823 90 L 822 90 L 821 89 L 819 89 L 819 81 L 821 79 L 821 77
39,classic,AS9,Asia,0,0,M 917 47 L 919 49 L 920 49 L 923 52 L 924 52 L 925 53 L 926 53 L 927 54 L 929 54 L 930 55 L 930 59 L 931 60 L 931 61 L 932 62 L 933 62 L 934 63 L 937 63 L 938 64 L 939 64 L 940 63 L 956 63 L 957 64 L 958 64 L 958 66 L 959 67 L 959 69 L 960 70 L 960 71 L 961 72 L 961 73 L 962 74 L 962 82 L 960 84 L 960 85 L 958 85 L 957 86 L 957 87 L 958 88 L 958 94 L 948 94 L 947 95 L 946 95 L 944 97 L 944 98 L 943 99 L 943 101 L 947 105 L 949 105 L 950 106 L 951 106 L 951 110 L 950 111 L 949 111 L 948 112 L 948 113 L 949 114 L 949 116 L 950 117 L 950 120 L 951 121 L 951 123 L 952 124 L 952 126 L 953 127 L 953 129 L 954 130 L 954 132 L 955 133 L 955 144 L 953 146 L 953 147 L 952 148 L 952 149 L 951 150 L 951 151 L 952 152 L 952 154 L 953 155 L 953 156 L 954 157 L 954 158 L 955 159 L 955 160 L 956 161 L 956 166 L 949 166 L 948 165 L 947 165 L 946 166 L 942 166 L 941 167 L 938 167 L 937 168 L 935 168 L 934 169 L 933 169 L 932 170 L 930 170 L 929 171 L 929 172 L 926 175 L 926 179 L 927 180 L 927 181 L 929 183 L 930 183 L 930 186 L 931 187 L 931 192 L 932 193 L 932 197 L 933 198 L 933 201 L 934 202 L 934 203 L 935 204 L 935 207 L 936 208 L 936 211 L 937 212 L 937 224 L 936 225 L 934 225 L 933 226 L 928 226 L 927 225 L 927 220 L 928 219 L 928 218 L 927 217 L 927 216 L 922 211 L 921 211 L 919 209 L 917 209 L 916 208 L 907 208 L 907 207 L 905 205 L 905 203 L 904 202 L 903 202 L 903 200 L 902 199 L 902 198 L 901 197 L 900 197 L 900 195 L 899 194 L 898 194 L 898 192 L 893 187 L 891 187 L 890 186 L 890 177 L 886 173 L 879 173 L 878 172 L 878 169 L 880 167 L 880 166 L 889 157 L 889 153 L 885 149 L 885 148 L 882 145 L 882 144 L 876 138 L 876 137 L 873 134 L 873 133 L 872 132 L 872 124 L 871 123 L 871 121 L 869 119 L 869 118 L 868 117 L 867 117 L 865 115 L 864 116 L 862 116 L 861 115 L 859 115 L 858 114 L 858 106 L 859 105 L 859 101 L 858 100 L 858 97 L 856 95 L 856 94 L 852 90 L 852 89 L 851 88 L 851 83 L 852 83 L 853 82 L 853 80 L 854 79 L 854 76 L 855 75 L 858 75 L 859 74 L 860 74 L 861 73 L 861 72 L 862 72 L 863 71 L 863 70 L 864 69 L 864 62 L 865 61 L 865 60 L 866 60 L 867 59 L 867 58 L 868 58 L 869 57 L 869 56 L 870 56 L 873 53 L 885 53 L 886 52 L 889 52 L 890 51 L 892 51 L 893 50 L 896 50 L 897 49 L 901 49 L 902 48 L 907 48 L 908 47
40,classic,AS10,Asia,0,0,M 972 58 L 972 60 L 973 61 L 973 62 L 974 63 L 974 64 L 975 65 L 976 65 L 977 66 L 978 66 L 979 67 L 982 67 L 985 70 L 987 70 L 988 69 L 989 69 L 990 68 L 992 68 L 993 67 L 996 67 L 997 66 L 1001 66 L 1002 65 L 1005 65 L 1006 64 L 1018 64 L 1019 65 L 1022 65 L 1023 66 L 1025 66 L 1026 67 L 1027 67 L 1027 69 L 1028 70 L 1028 71 L 1029 72 L 1029 73 L 1030 74 L 1032 74 L 1033 75 L 1033 87 L 1032 88 L 1032 89 L 1030 91 L 1030 92 L 1028 94 L 1028 95 L 1027 96 L 1028 97 L 1031 97 L 1031 106 L 1030 107 L 1030 110 L 1026 110 L 1025 111 L 1017 111 L 1016 110 L 1015 110 L 1014 109 L 1013 109 L 1012 108 L 1011 109 L 1008 109 L 1007 110 L 1005 110 L 1004 111 L 1004 112 L 1003 112 L 1000 115 L 1000 116 L 997 119 L 997 120 L 995 122 L 990 122 L 989 123 L 984 123 L 983 124 L 982 124 L 979 127 L 979 128 L 978 129 L 978 130 L 972 130 L 971 131 L 970 131 L 968 133 L 967 133 L 965 135 L 964 135 L 963 136 L 956 136 L 956 135 L 955 134 L 955 132 L 954 131 L 954 129 L 953 128 L 953 126 L 952 125 L 952 123 L 951 122 L 951 121 L 950 120 L 950 119 L 949 118 L 949 112 L 950 111 L 950 110 L 951 110 L 952 109 L 952 107 L 949 104 L 946 104 L 945 103 L 944 103 L 944 99 L 945 98 L 945 97 L 958 97 L 960 95 L 960 93 L 959 92 L 959 84 L 960 83 L 960 81 L 961 80 L 962 80 L 963 79 L 962 78 L 962 77 L 961 76 L 961 75 L 960 74 L 960 73 L 959 72 L 959 63 L 960 63 L 964 59 L 965 59 L 966 58
41,classic,AS11,Asia,0,0,M 993 125 L 993 131 L 994 132 L 994 138 L 995 139 L 995 144 L 996 145 L 996 148 L 1001 153 L 1003 153 L 1004 154 L 1007 154 L 1008 155 L 1010 155 L 1010 157 L 1011 158 L 1011 161 L 1012 162 L 1012 164 L 1013 165 L 1013 167 L 1014 168 L 1014 169 L 1016 171 L 1017 170 L 1019 170 L 1020 169 L 1030 169 L 1031 170 L 1032 170 L 1034 172 L 1035 172 L 1035 187 L 1034 188 L 1034 189 L 1033 190 L 1033 191 L 1032 192 L 1032 196 L 1024 196 L 1020 192 L 1019 192 L 1019 191 L 1018 190 L 1018 189 L 1013 184 L 1011 184 L 1010 183 L 1009 184 L 1007 184 L 1005 186 L 1005 187 L 1004 187 L 1003 188 L 1003 189 L 1002 190 L 1002 191 L 999 194 L 1000 195 L 1000 196 L 1001 197 L 1001 200 L 1000 201 L 997 201 L 995 199 L 992 199 L 989 202 L 977 202 L 976 201 L 968 201 L 967 200 L 959 200 L 958 201 L 955 201 L 954 202 L 946 202 L 944 200 L 943 200 L 942 199 L 940 199 L 939 198 L 933 198 L 933 189 L 932 188 L 932 185 L 931 184 L 930 184 L 929 183 L 929 182 L 928 181 L 928 173 L 929 173 L 930 172 L 932 172 L 933 171 L 935 171 L 936 170 L 938 170 L 939 169 L 942 169 L 943 168 L 951 168 L 952 169 L 954 169 L 955 168 L 956 168 L 958 166 L 958 163 L 957 162 L 957 161 L 955 159 L 955 158 L 954 157 L 954 147 L 955 146 L 955 145 L 956 144 L 956 142 L 957 142 L 958 141 L 958 140 L 959 139 L 959 138 L 960 138 L 963 135 L 964 135 L 965 134 L 966 134 L 967 133 L 968 133 L 969 132 L 974 132 L 975 131 L 977 131 L 979 129 L 979 128 L 981 126 L 984 126 L 985 125
42,classic,AS12,Asia,0,0,M 1047 70 L 1048 71 L 1052 71 L 1053 72 L 1054 72 L 1055 73 L 1056 73 L 1057 74 L 1058 74 L 1059 75 L 1062 75 L 1063 76 L 1066 76 L 1067 77 L 1069 77 L 1070 76 L 1071 76 L 1073 74 L 1084 74 L 1085 75 L 1087 75 L 1088 76 L 1091 76 L 1092 77 L 1095 77 L 1096 78 L 1098 78 L 1099 79 L 1101 79 L 1102 80 L 1104 80 L 1105 81 L 1107 81 L 1108 82 L 1111 82 L 1112 83 L 1115 83 L 1116 84 L 1119 84 L 1120 85 L 1122 85 L 1123 86 L 1125 86 L 1126 87 L 1128 87 L 1129 88 L 1130 88 L 1131 89 L 1131 94 L 1129 96 L 1129 98 L 1128 99 L 1128 104 L 1119 104 L 1116 107 L 1116 109 L 1115 110 L 1115 115 L 1113 117 L 1113 118 L 1112 119 L 1112 120 L 1111 121 L 1111 122 L 1109 124 L 1109 125 L 1107 127 L 1107 129 L 1106 130 L 1097 130 L 1096 131 L 1095 131 L 1092 134 L 1092 139 L 1093 140 L 1093 141 L 1094 142 L 1094 143 L 1096 145 L 1096 155 L 1095 156 L 1095 158 L 1094 159 L 1094 163 L 1093 164 L 1093 167 L 1086 167 L 1085 166 L 1083 166 L 1080 163 L 1080 161 L 1079 160 L 1079 158 L 1078 157 L 1078 154 L 1077 153 L 1077 150 L 1076 149 L 1076 147 L 1075 146 L 1075 138 L 1076 137 L 1076 134 L 1075 133 L 1075 132 L 1074 131 L 1073 131 L 1071 129 L 1070 129 L 1069 128 L 1068 128 L 1067 127 L 1064 127 L 1062 129 L 1062 130 L 1061 131 L 1061 139 L 1060 140 L 1051 140 L 1050 139 L 1036 139 L 1035 140 L 1034 140 L 1033 141 L 1033 142 L 1032 143 L 1032 146 L 1033 147 L 1033 149 L 1037 153 L 1038 153 L 1039 154 L 1042 154 L 1043 155 L 1045 155 L 1046 156 L 1048 156 L 1050 158 L 1050 159 L 1054 163 L 1057 163 L 1058 164 L 1060 164 L 1060 175 L 1061 176 L 1061 180 L 1062 181 L 1062 192 L 1061 193 L 1061 194 L 1060 194 L 1058 196 L 1058 197 L 1057 198 L 1057 199 L 1056 200 L 1056 213 L 1055 214 L 1055 216 L 1054 217 L 1054 218 L 1053 219 L 1053 220 L 1041 220 L 1040 219 L 1036 219 L 1035 218 L 1035 217 L 1034 216 L 1034 207 L 1033 206 L 1033 201 L 1034 200 L 1034 199 L 1035 198 L 1035 195 L 1034 194 L 1034 186 L 1035 185 L 1035 183 L 1037 181 L 1037 179 L 1036 178 L 1036 176 L 1034 174 L 1034 173 L 1033 172 L 1032 172 L 1030 170 L 1029 170 L 1028 169 L 1027 169 L 1026 168 L 1025 168 L 1024 169 L 1023 169 L 1022 170 L 1021 170 L 1020 171 L 1014 171 L 1014 170 L 1013 169 L 1013 167 L 1012 166 L 1012 162 L 1011 161 L 1011 159 L 1006 154 L 1004 154 L 1003 153 L 1000 153 L 999 152 L 997 152 L 997 149 L 996 148 L 996 142 L 995 141 L 995 138 L 994 137 L 994 121 L 997 118 L 997 117 L 1000 114 L 1000 113 L 1001 113 L 1002 112 L 1003 112 L 1004 111 L 1008 111 L 1009 110 L 1017 110 L 1018 111 L 1019 111 L 1020 112 L 1021 112 L 1022 113 L 1024 113 L 1025 112 L 1028 112 L 1029 111 L 1029 110 L 1030 110 L 1031 109 L 1031 106 L 1032 105 L 1032 101 L 1031 100 L 1030 100 L 1030 99 L 1028 97 L 1027 97 L 1027 90 L 1028 90 L 1029 89 L 1030 89 L 1031 88 L 1032 88 L 1033 87 L 1033 79 L 1034 78 L 1034 74 L 1037 71 L 1038 71 L 1039 70
