Map,TerritoryName,Continent,NameXOffset,NameYOffset,Points
castle,Draw Bridge,Castle Exterior,0,0,M 1018 425 L 1021 428 L 1022 428 L 1023 429 L 1024 429 L 1025 430 L 1026 430 L 1028 432 L 1029 432 L 1030 433 L 1031 433 L 1033 435 L 1034 435 L 1035 436 L 1036 436 L 1037 437 L 1038 437 L 1040 439 L 1041 439 L 1042 440 L 1043 440 L 1044 441 L 1045 441 L 1047 443 L 1048 443 L 1049 444 L 1050 444 L 1051 445 L 1052 445 L 1053 446 L 1054 446 L 1056 448 L 1057 448 L 1058 449 L 1059 449 L 1060 450 L 1061 450 L 1063 452 L 1064 452 L 1065 453 L 1066 453 L 1067 454 L 1068 454 L 1069 455 L 1070 455 L 1071 456 L 1072 456 L 1074 458 L 1075 458 L 1076 459 L 1077 459 L 1078 460 L 1079 460 L 1080 461 L 1081 461 L 1082 462 L 1083 462 L 1084 463 L 1085 463 L 1087 465 L 1088 465 L 1089 466 L 1090 466 L 1091 467 L 1092 467 L 1094 469 L 1095 469 L 1096 470 L 1097 470 L 1098 471 L 1099 471 L 1101 473 L 1102 473 L 1103 474 L 1104 474 L 1106 476 L 1107 476 L 1108 477 L 1109 477 L 1110 478 L 1112 478 L 1113 477 L 1115 477 L 1116 476 L 1116 475 L 1118 473 L 1118 472 L 1119 471 L 1119 469 L 1120 469 L 1121 468 L 1121 467 L 1124 464 L 1124 463 L 1131 463 L 1132 464 L 1133 464 L 1134 465 L 1135 465 L 1137 467 L 1138 467 L 1140 469 L 1141 469 L 1143 471 L 1144 471 L 1146 473 L 1146 480 L 1144 482 L 1144 483 L 1142 485 L 1142 486 L 1141 487 L 1141 488 L 1140 489 L 1140 490 L 1138 492 L 1138 493 L 1136 495 L 1136 496 L 1134 498 L 1134 499 L 1132 501 L 1132 502 L 1131 503 L 1131 504 L 1129 506 L 1129 507 L 1128 508 L 1128 509 L 1126 511 L 1126 512 L 1124 514 L 1124 515 L 1122 517 L 1122 518 L 1120 520 L 1120 521 L 1119 522 L 1119 523 L 1117 525 L 1117 526 L 1115 528 L 1115 529 L 1113 531 L 1113 532 L 1111 534 L 1111 535 L 1109 537 L 1109 538 L 1108 539 L 1108 540 L 1106 542 L 1106 543 L 1105 544 L 1105 545 L 1104 546 L 1104 547 L 1102 549 L 1102 550 L 1100 552 L 1100 553 L 1099 554 L 1090 554 L 1089 553 L 1088 553 L 1087 552 L 1086 552 L 1085 551 L 1084 551 L 1083 550 L 1082 550 L 1081 549 L 1079 549 L 1078 548 L 1077 548 L 1076 547 L 1074 547 L 1074 539 L 1075 538 L 1075 537 L 1077 535 L 1077 534 L 1079 532 L 1079 531 L 1080 530 L 1080 529 L 1082 527 L 1082 525 L 1079 522 L 1078 522 L 1076 520 L 1075 520 L 1073 518 L 1072 518 L 1071 517 L 1070 517 L 1068 515 L 1067 515 L 1066 514 L 1065 514 L 1063 512 L 1062 512 L 1061 511 L 1060 511 L 1058 509 L 1057 509 L 1056 508 L 1055 508 L 1054 507 L 1053 507 L 1052 506 L 1051 506 L 1049 504 L 1048 504 L 1047 503 L 1046 503 L 1044 501 L 1043 501 L 1042 500 L 1041 500 L 1039 498 L 1038 498 L 1037 497 L 1036 497 L 1035 496 L 1034 496 L 1032 494 L 1031 494 L 1030 493 L 1029 493 L 1027 491 L 1026 491 L 1025 490 L 1024 490 L 1022 488 L 1021 488 L 1019 486 L 1018 486 L 1017 485 L 1016 485 L 1014 483 L 1013 483 L 1011 481 L 1010 481 L 1009 480 L 1008 480 L 1006 478 L 1005 478 L 1004 477 L 1003 477 L 1002 476 L 1001 476 L 999 474 L 998 474 L 997 473 L 996 473 L 994 471 L 993 471 L 991 469 L 990 469 L 989 468 L 989 461 L 990 460 L 990 458 L 991 458 L 992 457 L 992 455 L 993 455 L 994 454 L 994 452 L 995 452 L 996 451 L 996 449 L 997 449 L 998 448 L 998 446 L 999 446 L 1000 445 L 1000 443 L 1001 443 L 1002 442 L 1002 440 L 1003 440 L 1004 439 L 1004 437 L 1005 437 L 1006 436 L 1006 434 L 1007 434 L 1008 433 L 1008 432 L 1011 429 L 1011 427 L 1012 427 L 1013 426 L 1013 425
castle,North Bank,Castle Exterior,0,0,M 1177 322 L 1179 324 L 1180 324 L 1181 325 L 1182 325 L 1184 323 L 1184 322 L 1193 322 L 1195 324 L 1196 324 L 1198 326 L 1199 326 L 1201 328 L 1201 367 L 1200 368 L 1200 372 L 1199 373 L 1199 378 L 1198 379 L 1198 383 L 1197 384 L 1197 387 L 1196 388 L 1196 392 L 1195 393 L 1195 397 L 1194 398 L 1194 401 L 1193 402 L 1193 405 L 1192 406 L 1192 408 L 1191 409 L 1191 412 L 1190 413 L 1190 416 L 1189 417 L 1189 421 L 1188 422 L 1188 424 L 1187 425 L 1187 428 L 1186 429 L 1186 432 L 1185 433 L 1185 435 L 1184 436 L 1184 438 L 1183 439 L 1183 442 L 1182 443 L 1182 477 L 1170 477 L 1169 476 L 1162 476 L 1161 475 L 1154 475 L 1153 474 L 1147 474 L 1146 473 L 1144 473 L 1141 470 L 1140 470 L 1138 468 L 1137 468 L 1135 466 L 1134 466 L 1133 465 L 1132 465 L 1128 461 L 1128 454 L 1129 453 L 1129 452 L 1130 451 L 1130 450 L 1132 448 L 1132 447 L 1133 446 L 1133 445 L 1135 443 L 1135 442 L 1136 441 L 1136 440 L 1138 438 L 1138 437 L 1139 436 L 1139 435 L 1141 433 L 1141 432 L 1142 431 L 1142 430 L 1144 428 L 1144 427 L 1145 426 L 1145 425 L 1146 424 L 1146 423 L 1148 421 L 1148 420 L 1150 418 L 1150 417 L 1152 415 L 1152 414 L 1153 413 L 1153 412 L 1154 411 L 1154 408 L 1155 407 L 1155 404 L 1156 403 L 1156 398 L 1157 397 L 1157 390 L 1158 389 L 1158 384 L 1159 383 L 1159 379 L 1160 378 L 1160 373 L 1161 372 L 1161 355 L 1162 354 L 1162 338 L 1163 337 L 1163 328 L 1164 328 L 1170 322
castle,Seige Encampment,Castle Exterior,0,0,M 1157 476 L 1158 477 L 1165 477 L 1166 478 L 1175 478 L 1176 479 L 1182 479 L 1183 480 L 1183 481 L 1184 482 L 1184 483 L 1185 484 L 1186 484 L 1188 486 L 1189 486 L 1190 487 L 1192 487 L 1193 488 L 1195 488 L 1196 489 L 1198 489 L 1199 490 L 1201 490 L 1202 491 L 1203 491 L 1204 492 L 1206 492 L 1207 493 L 1209 493 L 1210 494 L 1212 494 L 1213 495 L 1214 495 L 1215 496 L 1217 496 L 1218 497 L 1220 497 L 1221 498 L 1223 498 L 1224 499 L 1225 499 L 1226 500 L 1228 500 L 1229 501 L 1230 501 L 1231 502 L 1234 502 L 1235 503 L 1237 503 L 1238 504 L 1239 504 L 1240 505 L 1241 505 L 1242 506 L 1244 506 L 1245 507 L 1247 507 L 1248 508 L 1250 508 L 1251 509 L 1253 509 L 1254 510 L 1255 510 L 1256 511 L 1257 511 L 1257 519 L 1256 520 L 1256 522 L 1255 523 L 1255 526 L 1254 527 L 1254 529 L 1253 530 L 1253 532 L 1252 533 L 1252 536 L 1251 537 L 1251 540 L 1250 541 L 1250 543 L 1249 544 L 1249 546 L 1248 547 L 1248 549 L 1247 550 L 1247 552 L 1246 553 L 1246 555 L 1245 556 L 1245 558 L 1243 560 L 1243 561 L 1241 563 L 1241 564 L 1239 566 L 1239 567 L 1237 569 L 1237 570 L 1235 572 L 1235 573 L 1234 574 L 1234 575 L 1232 577 L 1232 578 L 1230 580 L 1230 581 L 1228 583 L 1228 584 L 1226 586 L 1226 587 L 1224 589 L 1224 590 L 1223 591 L 1223 592 L 1221 594 L 1221 595 L 1219 597 L 1219 598 L 1218 599 L 1218 600 L 1216 602 L 1216 603 L 1214 605 L 1214 606 L 1213 606 L 1212 607 L 1204 607 L 1203 606 L 1199 606 L 1198 605 L 1196 605 L 1195 604 L 1193 604 L 1192 603 L 1189 603 L 1188 602 L 1186 602 L 1185 601 L 1182 601 L 1181 600 L 1179 600 L 1178 599 L 1175 599 L 1174 598 L 1172 598 L 1171 597 L 1168 597 L 1167 596 L 1165 596 L 1164 595 L 1161 595 L 1160 594 L 1157 594 L 1156 593 L 1154 593 L 1153 592 L 1151 592 L 1150 591 L 1148 591 L 1147 590 L 1144 590 L 1143 589 L 1140 589 L 1139 588 L 1136 588 L 1135 587 L 1133 587 L 1132 586 L 1129 586 L 1128 585 L 1125 585 L 1124 584 L 1122 584 L 1121 583 L 1119 583 L 1118 582 L 1115 582 L 1114 581 L 1112 581 L 1111 580 L 1108 580 L 1107 579 L 1105 579 L 1104 578 L 1102 578 L 1101 577 L 1099 577 L 1098 576 L 1095 576 L 1094 575 L 1091 575 L 1090 574 L 1089 574 L 1089 567 L 1090 566 L 1090 565 L 1092 563 L 1092 562 L 1094 560 L 1094 559 L 1096 557 L 1096 556 L 1097 555 L 1097 554 L 1099 552 L 1099 551 L 1101 549 L 1101 548 L 1103 546 L 1103 545 L 1104 544 L 1104 543 L 1106 541 L 1106 540 L 1108 538 L 1108 537 L 1109 536 L 1109 535 L 1112 532 L 1112 530 L 1113 530 L 1114 529 L 1114 527 L 1115 527 L 1116 526 L 1116 524 L 1117 524 L 1118 523 L 1118 522 L 1119 521 L 1119 519 L 1120 519 L 1121 518 L 1121 516 L 1122 516 L 1123 515 L 1123 513 L 1124 513 L 1125 512 L 1125 510 L 1126 510 L 1127 509 L 1127 508 L 1128 507 L 1128 505 L 1129 505 L 1130 504 L 1130 502 L 1131 502 L 1132 501 L 1132 499 L 1133 499 L 1134 498 L 1134 497 L 1135 496 L 1135 494 L 1136 494 L 1137 493 L 1137 491 L 1138 491 L 1139 490 L 1139 488 L 1140 488 L 1141 487 L 1141 485 L 1142 485 L 1143 484 L 1143 482 L 1144 482 L 1145 481 L 1145 479 L 1146 479 L 1147 478 L 1147 477 L 1148 476
castle,Seige Headquarters,Castle Exterior,0,0,M 1096 576 L 1097 577 L 1099 577 L 1100 578 L 1102 578 L 1103 579 L 1106 579 L 1107 580 L 1109 580 L 1110 581 L 1113 581 L 1114 582 L 1116 582 L 1117 583 L 1119 583 L 1120 584 L 1123 584 L 1124 585 L 1127 585 L 1128 586 L 1130 586 L 1131 587 L 1133 587 L 1134 588 L 1137 588 L 1138 589 L 1141 589 L 1142 590 L 1144 590 L 1145 591 L 1147 591 L 1148 592 L 1151 592 L 1152 593 L 1154 593 L 1155 594 L 1158 594 L 1159 595 L 1161 595 L 1162 596 L 1165 596 L 1166 597 L 1168 597 L 1169 598 L 1171 598 L 1172 599 L 1175 599 L 1176 600 L 1178 600 L 1179 601 L 1181 601 L 1182 602 L 1184 602 L 1185 603 L 1188 603 L 1189 604 L 1191 604 L 1192 605 L 1195 605 L 1196 606 L 1198 606 L 1199 607 L 1201 607 L 1202 608 L 1204 608 L 1205 609 L 1207 609 L 1207 617 L 1205 619 L 1205 620 L 1204 621 L 1204 622 L 1203 623 L 1203 624 L 1202 625 L 1202 626 L 1201 627 L 1201 628 L 1200 629 L 1200 630 L 1199 631 L 1199 632 L 1198 633 L 1198 634 L 1196 636 L 1196 638 L 1194 640 L 1194 641 L 1193 642 L 1193 643 L 1192 644 L 1192 646 L 1191 647 L 1191 648 L 1178 648 L 1177 647 L 1173 647 L 1172 646 L 1169 646 L 1168 645 L 1165 645 L 1164 644 L 1161 644 L 1160 643 L 1157 643 L 1156 642 L 1152 642 L 1151 641 L 1148 641 L 1147 640 L 1144 640 L 1143 639 L 1140 639 L 1139 638 L 1136 638 L 1135 637 L 1131 637 L 1130 636 L 1127 636 L 1126 635 L 1123 635 L 1122 634 L 1118 634 L 1117 633 L 1114 633 L 1113 632 L 1110 632 L 1109 631 L 1106 631 L 1105 630 L 1102 630 L 1101 629 L 1099 629 L 1098 628 L 1096 628 L 1095 627 L 1092 627 L 1091 626 L 1087 626 L 1086 625 L 1083 625 L 1082 624 L 1079 624 L 1078 623 L 1075 623 L 1074 622 L 1071 622 L 1070 621 L 1067 621 L 1066 620 L 1063 620 L 1062 619 L 1061 619 L 1061 612 L 1062 611 L 1062 610 L 1064 608 L 1064 606 L 1065 606 L 1066 605 L 1066 604 L 1067 603 L 1067 601 L 1068 601 L 1069 600 L 1069 598 L 1070 598 L 1071 597 L 1071 595 L 1072 595 L 1073 594 L 1073 592 L 1074 592 L 1075 591 L 1075 590 L 1076 589 L 1076 587 L 1077 587 L 1078 586 L 1078 584 L 1079 584 L 1080 583 L 1080 582 L 1081 581 L 1081 580 L 1084 577 L 1084 576
castle,Siege Tower,Castle Exterior,0,0,M 1044 192 L 1044 195 L 1045 196 L 1045 198 L 1046 199 L 1046 201 L 1047 202 L 1047 205 L 1048 206 L 1048 209 L 1049 210 L 1049 212 L 1050 213 L 1050 215 L 1051 216 L 1051 220 L 1052 221 L 1052 231 L 1054 233 L 1054 234 L 1055 235 L 1055 236 L 1057 238 L 1057 240 L 1058 241 L 1058 244 L 1059 245 L 1059 247 L 1060 248 L 1060 250 L 1061 251 L 1061 253 L 1062 254 L 1062 257 L 1063 258 L 1063 260 L 1064 261 L 1064 264 L 1065 265 L 1065 271 L 1064 271 L 1063 272 L 1053 272 L 1052 271 L 1051 271 L 1051 270 L 1050 269 L 1050 268 L 1049 267 L 1049 266 L 1045 262 L 1038 262 L 1037 263 L 1033 263 L 1032 264 L 1028 264 L 1027 265 L 1015 265 L 1013 263 L 1013 262 L 1012 261 L 1012 260 L 1011 259 L 1011 241 L 1009 239 L 1009 238 L 1008 237 L 1007 237 L 1005 235 L 1005 234 L 1004 233 L 1004 231 L 1003 230 L 1003 228 L 1001 226 L 1001 222 L 1000 221 L 1000 220 L 999 219 L 999 214 L 1000 213 L 1002 213 L 1003 212 L 1007 212 L 1008 211 L 1012 211 L 1013 210 L 1018 210 L 1019 209 L 1023 209 L 1024 208 L 1028 208 L 1030 206 L 1030 205 L 1031 204 L 1031 202 L 1030 201 L 1030 193 L 1031 192
castle,South Bank,Castle Exterior,0,0,M 1078 549 L 1079 550 L 1081 550 L 1082 551 L 1083 551 L 1084 552 L 1085 552 L 1086 553 L 1088 553 L 1089 554 L 1090 554 L 1091 555 L 1093 555 L 1094 556 L 1094 562 L 1093 563 L 1093 564 L 1091 566 L 1091 567 L 1088 570 L 1088 571 L 1086 573 L 1086 574 L 1084 576 L 1084 577 L 1082 579 L 1082 580 L 1081 581 L 1081 582 L 1080 583 L 1080 584 L 1077 587 L 1077 588 L 1075 590 L 1075 591 L 1073 593 L 1073 594 L 1072 595 L 1072 596 L 1070 598 L 1070 599 L 1068 601 L 1068 602 L 1066 604 L 1066 605 L 1065 606 L 1065 607 L 1063 609 L 1063 610 L 1061 612 L 1061 613 L 1056 618 L 1055 618 L 1052 621 L 1051 621 L 1049 623 L 1048 623 L 1047 624 L 1046 624 L 1045 625 L 1044 625 L 1043 626 L 1042 626 L 1041 627 L 1040 627 L 1038 629 L 1037 629 L 1036 630 L 1035 630 L 1034 631 L 1033 631 L 1031 633 L 1030 633 L 1029 634 L 1028 634 L 1027 635 L 1026 635 L 1024 637 L 1023 637 L 1021 639 L 1020 639 L 1019 640 L 1018 640 L 1017 641 L 1016 641 L 1014 643 L 1013 643 L 1012 644 L 1011 644 L 1010 645 L 1009 645 L 1008 646 L 1007 646 L 1005 648 L 1004 648 L 1002 650 L 1001 650 L 1000 651 L 999 651 L 998 652 L 997 652 L 995 654 L 994 654 L 993 655 L 992 655 L 991 656 L 990 656 L 988 658 L 987 658 L 986 659 L 985 659 L 984 660 L 983 660 L 982 661 L 981 661 L 980 662 L 979 662 L 977 664 L 976 664 L 974 666 L 973 666 L 972 667 L 971 667 L 970 668 L 969 668 L 968 669 L 967 669 L 966 670 L 965 670 L 963 672 L 962 672 L 961 673 L 960 673 L 959 674 L 959 675 L 957 675 L 956 676 L 956 677 L 955 677 L 954 678 L 953 678 L 951 680 L 950 680 L 949 681 L 948 681 L 947 682 L 946 682 L 944 684 L 942 684 L 941 685 L 940 685 L 939 686 L 938 686 L 937 687 L 934 687 L 933 688 L 930 688 L 929 689 L 925 689 L 924 690 L 921 690 L 920 691 L 918 691 L 917 692 L 915 692 L 914 693 L 912 693 L 911 694 L 896 694 L 895 693 L 893 693 L 892 692 L 890 692 L 889 691 L 888 691 L 887 690 L 887 682 L 885 680 L 885 679 L 884 678 L 883 678 L 881 676 L 881 671 L 882 670 L 882 669 L 885 666 L 885 664 L 886 664 L 887 663 L 887 662 L 888 662 L 890 660 L 896 660 L 897 661 L 898 660 L 900 660 L 901 659 L 903 659 L 904 658 L 905 658 L 906 657 L 908 657 L 909 656 L 911 656 L 912 655 L 913 655 L 914 654 L 916 654 L 917 653 L 918 653 L 919 652 L 921 652 L 922 651 L 923 651 L 924 650 L 926 650 L 927 649 L 928 649 L 929 648 L 931 648 L 932 647 L 934 647 L 935 646 L 937 646 L 938 645 L 940 645 L 941 644 L 942 644 L 943 643 L 945 643 L 946 642 L 948 642 L 949 641 L 950 641 L 951 640 L 953 640 L 954 639 L 956 639 L 957 638 L 958 638 L 959 637 L 961 637 L 962 636 L 963 636 L 964 635 L 966 635 L 967 634 L 968 634 L 969 633 L 971 633 L 972 632 L 974 632 L 975 631 L 976 631 L 977 630 L 979 630 L 980 629 L 981 629 L 982 628 L 984 628 L 985 627 L 986 627 L 987 626 L 988 626 L 990 624 L 991 624 L 992 623 L 993 623 L 995 621 L 996 621 L 997 620 L 998 620 L 999 619 L 1000 619 L 1002 617 L 1003 617 L 1005 615 L 1006 615 L 1007 614 L 1008 614 L 1009 613 L 1010 613 L 1012 611 L 1013 611 L 1015 609 L 1016 609 L 1017 608 L 1018 608 L 1019 607 L 1020 607 L 1021 606 L 1022 606 L 1024 604 L 1025 604 L 1026 603 L 1026 601 L 1027 600 L 1027 599 L 1028 598 L 1028 597 L 1029 597 L 1038 588 L 1039 588 L 1040 587 L 1040 585 L 1041 585 L 1044 582 L 1044 581 L 1045 581 L 1046 580 L 1046 578 L 1047 578 L 1048 577 L 1048 576 L 1049 576 L 1056 569 L 1056 568 L 1058 566 L 1058 565 L 1061 562 L 1061 560 L 1063 558 L 1063 556 L 1064 556 L 1065 555 L 1065 554 L 1066 553 L 1066 551 L 1067 551 L 1068 550 L 1068 549
castle,Blacksmith,Central Plaza,0,30,M 784 414 L 784 415 L 785 416 L 785 420 L 786 421 L 786 426 L 787 427 L 787 431 L 788 432 L 788 437 L 789 438 L 789 441 L 790 442 L 790 447 L 791 448 L 791 453 L 792 454 L 792 458 L 793 459 L 793 464 L 794 465 L 794 469 L 795 470 L 795 475 L 796 476 L 796 481 L 797 482 L 797 489 L 796 490 L 791 490 L 790 491 L 787 491 L 786 492 L 782 492 L 781 493 L 777 493 L 776 494 L 772 494 L 771 495 L 767 495 L 766 496 L 752 496 L 751 495 L 749 495 L 747 493 L 746 493 L 743 490 L 742 490 L 740 488 L 739 488 L 738 487 L 737 487 L 736 486 L 735 486 L 730 481 L 730 478 L 729 477 L 729 474 L 728 473 L 728 470 L 727 469 L 727 464 L 726 463 L 726 460 L 725 459 L 725 454 L 724 453 L 724 450 L 723 449 L 723 445 L 722 444 L 722 440 L 721 439 L 721 436 L 720 435 L 720 424 L 725 424 L 726 423 L 731 423 L 732 422 L 737 422 L 738 421 L 742 421 L 743 420 L 746 420 L 747 419 L 753 419 L 754 418 L 759 418 L 760 417 L 764 417 L 765 416 L 769 416 L 770 415 L 774 415 L 775 414
castle,Gate,Central Plaza,0,0,M 935 341 L 936 342 L 936 344 L 937 345 L 937 348 L 938 349 L 938 352 L 939 353 L 939 356 L 940 357 L 940 360 L 941 361 L 941 363 L 942 364 L 942 378 L 944 380 L 945 380 L 947 382 L 948 382 L 949 383 L 950 383 L 952 385 L 953 385 L 954 386 L 955 386 L 956 387 L 957 387 L 958 388 L 959 388 L 961 390 L 962 390 L 963 391 L 964 391 L 965 392 L 966 392 L 968 394 L 969 394 L 970 395 L 971 395 L 972 396 L 973 396 L 975 398 L 976 398 L 978 400 L 980 400 L 981 401 L 981 404 L 982 405 L 989 405 L 990 406 L 991 406 L 993 408 L 994 408 L 996 410 L 998 410 L 998 411 L 999 412 L 1000 412 L 1001 413 L 1002 413 L 1004 415 L 1005 415 L 1006 416 L 1007 416 L 1008 417 L 1009 417 L 1011 419 L 1012 419 L 1012 425 L 1010 427 L 1010 428 L 1008 430 L 1008 431 L 1007 432 L 1007 433 L 1005 435 L 1005 436 L 1003 438 L 1003 439 L 1000 442 L 1000 443 L 998 445 L 998 446 L 996 448 L 996 449 L 994 451 L 994 452 L 992 454 L 992 455 L 990 457 L 990 458 L 985 463 L 977 463 L 976 462 L 975 462 L 973 460 L 972 460 L 970 458 L 969 458 L 968 457 L 967 457 L 966 456 L 965 456 L 963 454 L 962 454 L 961 453 L 960 453 L 959 452 L 958 452 L 956 450 L 955 450 L 953 448 L 952 448 L 950 446 L 949 446 L 948 445 L 947 445 L 945 443 L 944 443 L 943 442 L 942 442 L 941 441 L 940 441 L 938 439 L 937 439 L 935 437 L 934 437 L 933 436 L 932 436 L 931 435 L 930 435 L 929 434 L 928 434 L 926 432 L 925 432 L 923 430 L 922 430 L 920 428 L 919 428 L 918 427 L 917 427 L 915 425 L 914 425 L 913 424 L 911 424 L 903 432 L 903 433 L 896 440 L 894 440 L 893 441 L 889 441 L 888 442 L 885 442 L 884 443 L 882 443 L 881 444 L 879 444 L 878 445 L 875 445 L 874 446 L 871 446 L 870 447 L 862 447 L 860 445 L 860 443 L 859 442 L 859 440 L 858 439 L 858 435 L 857 434 L 857 431 L 856 430 L 856 427 L 855 426 L 855 422 L 854 421 L 854 418 L 853 417 L 853 414 L 852 413 L 852 410 L 851 409 L 851 398 L 852 397 L 852 396 L 853 395 L 853 394 L 856 391 L 856 389 L 857 389 L 858 388 L 858 386 L 859 386 L 860 385 L 860 383 L 861 383 L 862 382 L 862 380 L 863 380 L 864 379 L 864 377 L 865 377 L 866 376 L 866 374 L 867 374 L 868 373 L 868 371 L 869 371 L 870 370 L 870 369 L 871 368 L 871 367 L 874 364 L 874 362 L 875 362 L 876 361 L 876 360 L 877 359 L 877 358 L 880 355 L 880 353 L 881 353 L 883 351 L 885 351 L 886 350 L 889 350 L 890 349 L 894 349 L 895 348 L 899 348 L 900 347 L 903 347 L 904 346 L 908 346 L 909 345 L 912 345 L 913 344 L 917 344 L 918 343 L 922 343 L 923 342 L 926 342 L 927 341
castle,Main Bailey,Central Plaza,0,0,M 769 265 L 770 266 L 771 266 L 772 267 L 773 267 L 774 268 L 775 268 L 776 269 L 777 269 L 779 271 L 780 271 L 781 272 L 782 272 L 783 273 L 791 273 L 792 272 L 798 272 L 799 271 L 805 271 L 806 270 L 810 270 L 811 269 L 817 269 L 818 268 L 833 268 L 833 271 L 834 272 L 834 276 L 835 277 L 835 282 L 836 283 L 836 286 L 837 287 L 837 290 L 838 291 L 838 295 L 839 296 L 839 300 L 840 301 L 840 305 L 841 306 L 841 310 L 842 311 L 842 314 L 843 315 L 843 319 L 844 320 L 844 324 L 845 325 L 845 327 L 850 332 L 851 332 L 852 333 L 853 333 L 854 334 L 855 334 L 856 335 L 857 335 L 858 336 L 859 336 L 860 337 L 861 337 L 862 338 L 863 338 L 865 340 L 866 340 L 867 341 L 868 341 L 869 342 L 870 342 L 871 343 L 872 343 L 873 344 L 874 344 L 876 346 L 877 346 L 878 347 L 879 347 L 880 348 L 881 348 L 882 349 L 882 355 L 880 357 L 880 358 L 878 360 L 878 361 L 876 363 L 876 364 L 874 366 L 874 367 L 873 368 L 873 369 L 872 370 L 872 371 L 870 373 L 870 374 L 868 376 L 868 377 L 866 379 L 866 380 L 864 382 L 864 383 L 863 384 L 863 385 L 861 387 L 861 388 L 859 390 L 859 391 L 857 393 L 857 394 L 855 396 L 855 397 L 853 399 L 853 400 L 852 400 L 851 401 L 848 401 L 847 402 L 842 402 L 841 403 L 835 403 L 834 404 L 829 404 L 828 405 L 824 405 L 823 406 L 818 406 L 817 407 L 812 407 L 811 408 L 807 408 L 806 409 L 801 409 L 800 410 L 795 410 L 794 411 L 790 411 L 789 412 L 783 412 L 782 413 L 778 413 L 777 414 L 772 414 L 771 415 L 767 415 L 766 416 L 761 416 L 760 417 L 754 417 L 753 418 L 749 418 L 748 419 L 743 419 L 742 420 L 738 420 L 737 421 L 732 421 L 731 422 L 716 422 L 716 420 L 715 419 L 715 413 L 714 412 L 714 409 L 713 408 L 713 405 L 712 404 L 712 401 L 711 400 L 711 394 L 710 393 L 710 378 L 712 376 L 712 375 L 714 373 L 714 372 L 716 370 L 716 369 L 718 367 L 718 366 L 720 364 L 720 361 L 718 359 L 717 359 L 713 355 L 713 349 L 714 348 L 714 347 L 715 346 L 715 344 L 716 344 L 717 343 L 717 342 L 720 339 L 720 338 L 723 335 L 723 334 L 726 331 L 726 330 L 729 327 L 729 325 L 730 325 L 731 324 L 731 323 L 734 320 L 740 320 L 741 321 L 742 321 L 744 323 L 745 323 L 747 325 L 749 325 L 751 323 L 751 320 L 750 319 L 750 317 L 749 316 L 749 312 L 748 311 L 748 306 L 747 305 L 747 302 L 746 301 L 746 299 L 745 298 L 745 295 L 744 294 L 744 290 L 743 289 L 743 284 L 742 283 L 742 279 L 741 278 L 741 268 L 742 268 L 743 267 L 749 267 L 750 266 L 755 266 L 756 265
castle,Marketplace,Central Plaza,0,0,M 904 227 L 904 229 L 905 230 L 905 233 L 906 234 L 906 236 L 907 237 L 907 239 L 908 240 L 908 242 L 909 243 L 909 246 L 910 247 L 910 250 L 911 251 L 911 254 L 912 255 L 912 257 L 913 258 L 913 261 L 914 262 L 914 265 L 915 266 L 915 269 L 916 270 L 916 272 L 917 273 L 917 275 L 918 276 L 918 279 L 919 280 L 919 284 L 920 285 L 920 288 L 921 289 L 921 292 L 922 293 L 922 295 L 923 296 L 923 299 L 924 300 L 924 303 L 925 304 L 925 306 L 926 307 L 926 310 L 927 311 L 927 314 L 928 315 L 928 318 L 929 319 L 929 322 L 930 323 L 930 325 L 931 326 L 931 328 L 932 329 L 932 338 L 931 339 L 928 339 L 927 340 L 924 340 L 923 341 L 919 341 L 918 342 L 915 342 L 914 343 L 910 343 L 909 344 L 905 344 L 904 345 L 901 345 L 900 346 L 897 346 L 896 347 L 892 347 L 891 348 L 880 348 L 879 347 L 878 347 L 877 346 L 875 346 L 873 344 L 872 344 L 871 343 L 870 343 L 869 342 L 868 342 L 867 341 L 866 341 L 864 339 L 863 339 L 862 338 L 861 338 L 860 337 L 859 337 L 858 336 L 857 336 L 855 334 L 854 334 L 852 332 L 851 332 L 850 331 L 849 331 L 848 330 L 847 330 L 846 329 L 846 328 L 845 327 L 845 325 L 844 324 L 844 321 L 843 320 L 843 317 L 842 316 L 842 313 L 841 312 L 841 309 L 840 308 L 840 302 L 839 301 L 839 298 L 838 297 L 838 293 L 837 292 L 837 289 L 836 288 L 836 284 L 835 283 L 835 279 L 834 278 L 834 274 L 833 273 L 833 265 L 834 264 L 834 263 L 837 260 L 837 259 L 839 257 L 839 256 L 840 256 L 841 255 L 841 254 L 843 252 L 843 251 L 844 251 L 847 248 L 848 248 L 849 247 L 852 247 L 853 246 L 859 246 L 860 245 L 865 245 L 866 244 L 867 244 L 871 240 L 871 232 L 872 232 L 873 231 L 877 231 L 878 230 L 882 230 L 883 229 L 886 229 L 887 228 L 892 228 L 893 227
castle,Stable,Central Plaza,0,0,M 850 402 L 851 403 L 851 405 L 852 406 L 852 409 L 853 410 L 853 414 L 854 415 L 854 418 L 855 419 L 855 422 L 856 423 L 856 426 L 857 427 L 857 430 L 858 431 L 858 435 L 859 436 L 859 454 L 860 455 L 860 459 L 861 460 L 861 464 L 862 465 L 862 478 L 860 478 L 859 479 L 856 479 L 855 480 L 850 480 L 849 481 L 844 481 L 843 482 L 838 482 L 837 483 L 834 483 L 833 484 L 830 484 L 829 485 L 826 485 L 825 486 L 818 486 L 817 487 L 812 487 L 811 488 L 798 488 L 798 486 L 797 485 L 797 479 L 796 478 L 796 474 L 795 473 L 795 470 L 794 469 L 794 465 L 793 464 L 793 460 L 792 459 L 792 456 L 791 455 L 791 450 L 790 449 L 790 444 L 789 443 L 789 439 L 788 438 L 788 434 L 787 433 L 787 428 L 786 427 L 786 423 L 785 422 L 785 413 L 786 412 L 790 412 L 791 411 L 795 411 L 796 410 L 801 410 L 802 409 L 807 409 L 808 408 L 813 408 L 814 407 L 818 407 L 819 406 L 823 406 L 824 405 L 829 405 L 830 404 L 835 404 L 836 403 L 841 403 L 842 402
castle,Courtyard,Inner District,30,0,M 702 226 L 703 227 L 703 231 L 704 232 L 704 236 L 705 237 L 705 242 L 706 243 L 706 247 L 707 248 L 707 251 L 708 252 L 708 256 L 709 257 L 709 261 L 710 262 L 710 266 L 711 267 L 711 271 L 712 272 L 712 275 L 713 276 L 713 279 L 714 280 L 714 285 L 715 286 L 715 289 L 716 290 L 716 294 L 717 295 L 717 298 L 718 299 L 718 302 L 719 303 L 719 304 L 720 305 L 720 306 L 722 308 L 722 309 L 723 310 L 724 310 L 727 313 L 728 313 L 730 315 L 731 315 L 732 316 L 732 323 L 731 323 L 728 326 L 728 327 L 726 329 L 726 330 L 723 333 L 723 334 L 720 337 L 720 338 L 717 341 L 717 342 L 715 344 L 715 345 L 713 347 L 704 347 L 703 346 L 702 346 L 701 345 L 700 345 L 699 344 L 698 344 L 693 349 L 693 350 L 691 352 L 691 353 L 688 356 L 688 357 L 686 359 L 686 360 L 684 362 L 684 363 L 681 366 L 671 366 L 670 365 L 669 365 L 667 363 L 666 363 L 665 362 L 660 362 L 659 363 L 653 363 L 652 364 L 648 364 L 647 365 L 643 365 L 642 366 L 637 366 L 636 367 L 631 367 L 630 368 L 626 368 L 625 369 L 619 369 L 618 370 L 614 370 L 613 371 L 607 371 L 606 372 L 601 372 L 600 373 L 596 373 L 595 374 L 592 374 L 591 375 L 586 375 L 585 374 L 585 371 L 586 370 L 586 369 L 594 361 L 594 360 L 596 358 L 596 357 L 597 356 L 597 352 L 596 351 L 596 347 L 595 346 L 595 343 L 594 342 L 594 339 L 593 338 L 593 332 L 592 331 L 592 328 L 591 327 L 591 321 L 590 320 L 590 317 L 589 316 L 589 311 L 588 310 L 588 306 L 587 305 L 587 301 L 586 300 L 586 295 L 585 294 L 585 290 L 584 289 L 584 286 L 583 285 L 583 282 L 582 281 L 582 279 L 581 278 L 580 278 L 580 277 L 579 276 L 578 276 L 576 274 L 575 274 L 574 273 L 573 273 L 572 272 L 571 272 L 570 271 L 569 271 L 567 269 L 566 269 L 565 268 L 564 268 L 563 267 L 562 267 L 561 266 L 557 266 L 556 267 L 552 267 L 551 268 L 548 268 L 547 269 L 542 269 L 541 270 L 537 270 L 536 271 L 526 271 L 526 266 L 528 264 L 528 263 L 531 260 L 531 259 L 532 259 L 534 257 L 534 256 L 536 254 L 536 253 L 538 253 L 539 252 L 542 252 L 543 251 L 548 251 L 549 250 L 554 250 L 555 249 L 560 249 L 561 248 L 564 248 L 565 247 L 570 247 L 571 246 L 576 246 L 577 245 L 582 245 L 583 244 L 587 244 L 588 243 L 593 243 L 594 242 L 598 242 L 599 241 L 605 241 L 606 240 L 610 240 L 611 239 L 614 239 L 615 238 L 617 238 L 618 237 L 622 237 L 623 236 L 628 236 L 629 235 L 635 235 L 636 234 L 641 234 L 642 233 L 647 233 L 648 232 L 654 232 L 655 231 L 662 231 L 663 230 L 668 230 L 669 229 L 673 229 L 674 228 L 680 228 L 681 227 L 687 227 L 688 226
castle,Inner Garden,Inner District,0,0,M 669 363 L 670 364 L 671 364 L 674 367 L 675 367 L 676 368 L 676 369 L 677 370 L 677 375 L 678 376 L 678 381 L 679 382 L 679 386 L 680 387 L 680 392 L 681 393 L 681 397 L 682 398 L 682 402 L 683 403 L 683 407 L 684 408 L 684 411 L 685 412 L 685 417 L 686 418 L 686 424 L 687 425 L 687 429 L 688 430 L 688 434 L 689 435 L 689 439 L 690 440 L 690 444 L 691 445 L 691 452 L 689 452 L 688 453 L 683 453 L 682 454 L 678 454 L 677 455 L 674 455 L 673 456 L 670 456 L 669 457 L 664 457 L 663 458 L 649 458 L 648 457 L 648 455 L 647 454 L 647 450 L 646 449 L 646 444 L 642 440 L 638 440 L 637 441 L 633 441 L 632 442 L 627 442 L 626 443 L 621 443 L 620 444 L 617 444 L 616 445 L 609 445 L 608 446 L 604 446 L 603 447 L 599 447 L 598 448 L 595 448 L 594 449 L 593 449 L 592 450 L 591 450 L 590 451 L 590 452 L 589 453 L 589 455 L 590 456 L 590 461 L 591 462 L 591 470 L 590 471 L 587 471 L 586 472 L 580 472 L 579 473 L 574 473 L 573 474 L 568 474 L 567 475 L 562 475 L 561 476 L 550 476 L 550 474 L 549 473 L 549 470 L 548 469 L 548 466 L 547 465 L 547 462 L 546 461 L 546 457 L 545 456 L 545 448 L 544 447 L 544 443 L 543 442 L 543 439 L 542 438 L 542 435 L 541 434 L 541 431 L 540 430 L 540 425 L 539 424 L 539 420 L 538 419 L 538 416 L 537 415 L 537 413 L 536 412 L 536 407 L 535 406 L 535 401 L 534 400 L 534 397 L 533 396 L 533 393 L 532 392 L 532 386 L 534 386 L 535 385 L 540 385 L 541 384 L 546 384 L 547 383 L 551 383 L 552 382 L 556 382 L 557 381 L 562 381 L 563 380 L 568 380 L 569 379 L 574 379 L 575 378 L 579 378 L 580 377 L 585 377 L 586 376 L 591 376 L 592 375 L 597 375 L 598 374 L 601 374 L 602 373 L 606 373 L 607 372 L 612 372 L 613 371 L 618 371 L 619 370 L 623 370 L 624 369 L 628 369 L 629 368 L 634 368 L 635 367 L 640 367 L 641 366 L 647 366 L 648 365 L 652 365 L 653 364 L 656 364 L 657 363
castle,Steps,Inner District,0,0,M 566 268 L 567 269 L 568 269 L 570 271 L 571 271 L 572 272 L 573 272 L 574 273 L 575 273 L 576 274 L 577 274 L 579 276 L 580 276 L 581 277 L 582 277 L 582 278 L 583 279 L 583 284 L 584 285 L 584 289 L 585 290 L 585 293 L 586 294 L 586 299 L 587 300 L 587 305 L 588 306 L 588 310 L 589 311 L 589 315 L 590 316 L 590 320 L 591 321 L 591 327 L 592 328 L 592 333 L 593 334 L 593 338 L 594 339 L 594 342 L 595 343 L 595 347 L 596 348 L 596 360 L 588 368 L 588 369 L 581 376 L 578 376 L 577 377 L 570 377 L 569 378 L 563 378 L 562 379 L 559 379 L 558 380 L 553 380 L 552 381 L 545 381 L 544 382 L 528 382 L 526 380 L 526 376 L 525 375 L 525 369 L 524 368 L 524 367 L 523 366 L 523 365 L 522 364 L 521 364 L 519 362 L 518 362 L 516 360 L 515 360 L 513 358 L 512 358 L 511 357 L 510 357 L 508 355 L 507 355 L 507 352 L 506 351 L 506 345 L 505 344 L 505 341 L 504 340 L 504 337 L 503 336 L 503 329 L 502 328 L 502 324 L 501 323 L 501 309 L 502 308 L 502 306 L 503 306 L 504 305 L 504 303 L 505 303 L 506 302 L 506 300 L 507 300 L 508 299 L 508 297 L 509 297 L 510 296 L 510 292 L 509 291 L 509 288 L 508 287 L 508 279 L 509 279 L 510 278 L 514 278 L 515 277 L 518 277 L 519 276 L 521 276 L 522 275 L 526 275 L 527 274 L 531 274 L 532 273 L 536 273 L 537 272 L 540 272 L 541 271 L 544 271 L 545 270 L 548 270 L 549 269 L 553 269 L 554 268
castle,Archery Range,Military Division,0,0,M 699 127 L 699 133 L 700 134 L 700 139 L 701 140 L 701 146 L 702 147 L 702 152 L 703 153 L 703 157 L 704 158 L 704 163 L 705 164 L 705 169 L 706 170 L 706 176 L 707 177 L 707 181 L 708 182 L 708 187 L 709 188 L 709 193 L 710 194 L 710 203 L 707 203 L 706 204 L 703 204 L 699 208 L 699 211 L 700 212 L 700 221 L 697 221 L 696 222 L 691 222 L 690 223 L 684 223 L 683 224 L 678 224 L 677 225 L 672 225 L 671 226 L 665 226 L 664 227 L 658 227 L 657 228 L 651 228 L 650 229 L 645 229 L 644 230 L 638 230 L 637 231 L 630 231 L 629 232 L 618 232 L 617 231 L 617 227 L 616 226 L 616 223 L 615 222 L 615 219 L 614 218 L 612 218 L 611 217 L 606 217 L 605 218 L 594 218 L 593 217 L 593 216 L 592 215 L 592 210 L 591 209 L 591 204 L 590 203 L 590 199 L 589 198 L 589 179 L 588 178 L 588 168 L 587 167 L 587 164 L 586 163 L 586 160 L 585 159 L 585 157 L 584 156 L 584 154 L 583 153 L 583 145 L 587 145 L 588 144 L 593 144 L 594 143 L 600 143 L 601 142 L 606 142 L 607 141 L 612 141 L 613 140 L 616 140 L 617 139 L 623 139 L 624 138 L 629 138 L 630 137 L 635 137 L 636 136 L 641 136 L 642 135 L 646 135 L 647 134 L 653 134 L 654 133 L 659 133 L 660 132 L 665 132 L 666 131 L 670 131 L 671 130 L 676 130 L 677 129 L 682 129 L 683 128 L 689 128 L 690 127
castle,Armory,Military Division,0,0,M 761 116 L 761 118 L 762 119 L 762 124 L 763 125 L 763 130 L 764 131 L 764 134 L 765 135 L 765 140 L 766 141 L 766 145 L 767 146 L 767 151 L 768 152 L 768 156 L 769 157 L 769 161 L 770 162 L 770 166 L 771 167 L 771 171 L 772 172 L 772 177 L 773 178 L 773 183 L 774 184 L 774 188 L 775 189 L 775 196 L 772 196 L 771 197 L 765 197 L 764 198 L 758 198 L 757 199 L 752 199 L 751 200 L 746 200 L 745 201 L 739 201 L 738 202 L 724 202 L 723 201 L 711 201 L 711 196 L 710 195 L 710 189 L 709 188 L 709 185 L 708 184 L 708 178 L 707 177 L 707 173 L 706 172 L 706 167 L 705 166 L 705 161 L 704 160 L 704 154 L 703 153 L 703 150 L 702 149 L 702 144 L 701 143 L 701 138 L 700 137 L 700 126 L 701 125 L 705 125 L 706 124 L 711 124 L 712 123 L 717 123 L 718 122 L 723 122 L 724 121 L 728 121 L 729 120 L 735 120 L 736 119 L 741 119 L 742 118 L 747 118 L 748 117 L 752 117 L 753 116
castle,Barracks,Military Division,0,0,M 849 160 L 849 161 L 850 162 L 850 164 L 851 165 L 851 168 L 852 169 L 852 172 L 853 173 L 853 176 L 857 180 L 857 182 L 858 183 L 858 187 L 859 188 L 859 191 L 860 192 L 860 194 L 861 195 L 861 207 L 862 208 L 862 212 L 863 213 L 863 217 L 864 218 L 864 221 L 865 222 L 865 225 L 866 226 L 866 229 L 867 230 L 867 240 L 866 240 L 865 241 L 859 241 L 858 242 L 853 242 L 852 243 L 849 243 L 847 245 L 846 245 L 843 248 L 843 249 L 841 251 L 841 252 L 838 255 L 838 256 L 834 260 L 834 261 L 832 263 L 829 263 L 828 264 L 822 264 L 821 265 L 815 265 L 814 266 L 808 266 L 807 267 L 803 267 L 802 268 L 796 268 L 795 269 L 779 269 L 778 268 L 777 268 L 776 267 L 775 267 L 773 265 L 772 265 L 771 264 L 770 264 L 769 263 L 768 263 L 766 261 L 759 261 L 758 262 L 751 262 L 750 263 L 740 263 L 739 262 L 739 260 L 738 259 L 738 255 L 737 254 L 737 250 L 736 249 L 736 246 L 735 245 L 735 242 L 734 241 L 734 236 L 733 235 L 733 232 L 732 231 L 732 227 L 731 226 L 731 222 L 730 221 L 730 218 L 729 217 L 729 215 L 728 214 L 728 206 L 729 205 L 731 205 L 732 204 L 738 204 L 739 203 L 745 203 L 746 202 L 751 202 L 752 201 L 756 201 L 757 200 L 762 200 L 763 199 L 769 199 L 770 198 L 772 198 L 776 194 L 776 191 L 775 190 L 775 186 L 774 185 L 774 182 L 773 181 L 773 171 L 774 170 L 779 170 L 780 169 L 785 169 L 786 168 L 790 168 L 791 167 L 798 167 L 799 166 L 805 166 L 806 165 L 811 165 L 812 164 L 817 164 L 818 163 L 823 163 L 824 162 L 830 162 L 831 161 L 838 161 L 839 160
castle,Battlements,Military Division,0,0,M 981 282 L 981 284 L 982 285 L 982 288 L 985 291 L 986 291 L 987 292 L 989 292 L 990 291 L 996 291 L 997 292 L 997 295 L 998 296 L 998 304 L 997 304 L 996 305 L 993 305 L 992 306 L 990 306 L 989 307 L 989 313 L 990 314 L 990 317 L 991 318 L 991 321 L 992 322 L 992 324 L 993 325 L 993 328 L 994 329 L 994 331 L 995 332 L 996 332 L 998 334 L 1000 334 L 1001 333 L 1004 333 L 1005 332 L 1007 332 L 1008 331 L 1010 331 L 1011 330 L 1021 330 L 1023 332 L 1024 332 L 1026 334 L 1027 334 L 1030 337 L 1031 337 L 1033 339 L 1034 339 L 1037 342 L 1037 344 L 1038 345 L 1038 349 L 1039 350 L 1039 353 L 1040 354 L 1040 356 L 1041 357 L 1041 360 L 1042 361 L 1042 365 L 1043 366 L 1043 369 L 1044 370 L 1044 382 L 1042 384 L 1042 385 L 1040 387 L 1040 388 L 1038 390 L 1038 391 L 1036 393 L 1036 394 L 1034 396 L 1034 397 L 1030 401 L 1024 401 L 1023 400 L 1022 400 L 1020 398 L 1019 398 L 1018 397 L 1017 397 L 1016 396 L 1015 396 L 1014 395 L 1013 395 L 1012 394 L 1011 394 L 1010 393 L 1009 393 L 1006 390 L 1005 390 L 1005 387 L 1004 386 L 1004 383 L 1000 379 L 998 379 L 997 380 L 996 380 L 995 381 L 989 381 L 988 380 L 986 380 L 984 378 L 983 378 L 982 377 L 981 377 L 980 376 L 979 376 L 977 374 L 976 374 L 975 373 L 974 373 L 973 372 L 973 370 L 972 369 L 972 366 L 971 365 L 971 362 L 970 361 L 970 360 L 969 359 L 969 357 L 968 356 L 968 353 L 967 352 L 967 349 L 966 348 L 966 345 L 965 344 L 965 341 L 964 340 L 964 337 L 963 336 L 963 334 L 962 333 L 962 330 L 961 329 L 961 326 L 960 325 L 960 323 L 959 322 L 959 319 L 958 318 L 958 315 L 957 314 L 957 311 L 956 310 L 956 308 L 955 307 L 955 304 L 954 303 L 954 300 L 953 299 L 953 287 L 954 287 L 955 286 L 957 286 L 958 285 L 960 285 L 961 284 L 965 284 L 966 283 L 970 283 L 971 282
castle,Dormitory,Military Division,0,0,M 834 104 L 834 105 L 835 106 L 835 108 L 836 109 L 836 112 L 837 113 L 837 115 L 838 116 L 838 119 L 839 120 L 839 123 L 840 124 L 840 127 L 841 128 L 841 130 L 842 131 L 842 133 L 843 134 L 843 137 L 844 138 L 844 142 L 845 143 L 845 146 L 846 147 L 846 157 L 842 157 L 841 158 L 836 158 L 835 159 L 830 159 L 829 160 L 824 160 L 823 161 L 818 161 L 817 162 L 812 162 L 811 163 L 806 163 L 805 164 L 801 164 L 800 165 L 794 165 L 793 166 L 788 166 L 787 167 L 782 167 L 781 168 L 771 168 L 771 164 L 770 163 L 770 160 L 769 159 L 769 154 L 768 153 L 768 149 L 767 148 L 767 143 L 766 142 L 766 138 L 765 137 L 765 133 L 764 132 L 764 128 L 763 127 L 763 124 L 762 123 L 762 115 L 764 115 L 765 114 L 770 114 L 771 113 L 776 113 L 777 112 L 782 112 L 783 111 L 788 111 L 789 110 L 794 110 L 795 109 L 801 109 L 802 108 L 806 108 L 807 107 L 812 107 L 813 106 L 818 106 L 819 105 L 826 105 L 827 104
castle,Eastern Ramparts,Military Division,0,-10,M 973 123 L 975 125 L 976 125 L 978 127 L 979 127 L 980 128 L 981 128 L 981 129 L 983 131 L 983 134 L 984 135 L 984 138 L 985 139 L 985 143 L 986 144 L 986 147 L 987 148 L 987 151 L 988 152 L 988 155 L 989 156 L 989 158 L 990 159 L 990 165 L 991 166 L 991 178 L 985 184 L 984 184 L 983 185 L 979 185 L 978 186 L 972 186 L 971 187 L 967 187 L 966 188 L 964 188 L 962 190 L 961 190 L 957 194 L 957 196 L 958 197 L 958 200 L 959 201 L 959 204 L 960 205 L 960 207 L 961 208 L 961 210 L 962 211 L 963 211 L 965 213 L 975 213 L 976 214 L 976 217 L 977 218 L 977 226 L 976 226 L 975 227 L 972 227 L 971 228 L 970 228 L 967 231 L 967 238 L 964 241 L 964 244 L 965 245 L 965 246 L 966 247 L 967 247 L 968 248 L 970 248 L 971 249 L 971 250 L 973 252 L 974 252 L 975 253 L 986 253 L 986 255 L 987 256 L 987 259 L 988 260 L 988 266 L 987 267 L 985 267 L 984 268 L 981 268 L 980 269 L 980 270 L 978 272 L 978 279 L 977 280 L 973 280 L 972 281 L 967 281 L 966 282 L 963 282 L 962 283 L 948 283 L 948 282 L 947 281 L 947 278 L 946 277 L 946 275 L 945 274 L 945 272 L 944 271 L 944 268 L 943 267 L 943 263 L 942 262 L 942 259 L 941 258 L 941 257 L 940 256 L 940 254 L 939 253 L 939 250 L 938 249 L 938 245 L 937 244 L 937 242 L 936 241 L 936 238 L 935 237 L 935 235 L 934 234 L 934 231 L 933 230 L 933 228 L 932 227 L 932 224 L 931 223 L 931 221 L 930 220 L 930 218 L 929 217 L 929 214 L 928 213 L 928 210 L 927 209 L 927 205 L 926 204 L 926 202 L 925 201 L 925 200 L 923 198 L 922 198 L 921 197 L 914 197 L 913 198 L 908 198 L 907 199 L 902 199 L 901 200 L 898 200 L 897 201 L 892 201 L 891 202 L 887 202 L 886 203 L 879 203 L 878 204 L 873 204 L 872 205 L 863 205 L 863 204 L 862 203 L 862 201 L 861 200 L 861 197 L 860 196 L 860 192 L 859 191 L 859 189 L 858 188 L 858 180 L 863 180 L 864 179 L 867 179 L 868 178 L 868 166 L 875 166 L 876 165 L 887 165 L 888 166 L 888 168 L 889 169 L 889 172 L 890 173 L 891 173 L 893 175 L 899 175 L 900 174 L 903 174 L 904 173 L 904 172 L 907 169 L 907 168 L 910 165 L 910 164 L 913 161 L 913 159 L 914 159 L 915 158 L 915 153 L 914 152 L 914 138 L 915 137 L 915 136 L 916 136 L 917 135 L 917 134 L 919 132 L 919 130 L 920 130 L 921 129 L 921 128 L 922 128 L 923 127 L 928 127 L 929 126 L 934 126 L 935 125 L 942 125 L 943 124 L 952 124 L 953 123
castle,Dining Hall,Royal Sanctum,0,0,M 504 394 L 504 396 L 505 397 L 505 402 L 506 403 L 506 408 L 507 409 L 507 414 L 508 415 L 508 419 L 509 420 L 509 425 L 510 426 L 510 431 L 511 432 L 511 437 L 512 438 L 512 443 L 513 444 L 513 448 L 514 449 L 514 453 L 515 454 L 515 459 L 516 460 L 516 465 L 517 466 L 517 471 L 518 472 L 518 476 L 519 477 L 519 481 L 520 482 L 520 487 L 521 488 L 521 494 L 522 495 L 522 509 L 519 509 L 518 510 L 513 510 L 512 511 L 508 511 L 507 512 L 503 512 L 502 513 L 497 513 L 496 514 L 492 514 L 491 515 L 487 515 L 486 516 L 482 516 L 481 517 L 476 517 L 475 518 L 471 518 L 470 519 L 465 519 L 464 520 L 460 520 L 459 521 L 452 521 L 452 520 L 451 519 L 451 515 L 450 514 L 450 508 L 449 507 L 449 501 L 448 500 L 448 495 L 447 494 L 447 490 L 446 489 L 446 485 L 445 484 L 445 477 L 444 476 L 444 471 L 443 470 L 443 465 L 442 464 L 442 459 L 441 458 L 441 453 L 440 452 L 440 447 L 439 446 L 439 441 L 438 440 L 438 435 L 437 434 L 437 429 L 436 428 L 436 421 L 435 420 L 435 416 L 434 415 L 434 405 L 436 405 L 437 404 L 441 404 L 442 403 L 446 403 L 447 402 L 451 402 L 452 401 L 456 401 L 457 400 L 462 400 L 463 399 L 468 399 L 469 398 L 473 398 L 474 397 L 479 397 L 480 396 L 484 396 L 485 395 L 491 395 L 492 394
castle,Grand Hall,Royal Sanctum,0,0,M 505 281 L 505 285 L 506 286 L 506 297 L 505 298 L 505 300 L 504 301 L 504 302 L 502 304 L 502 305 L 500 307 L 500 308 L 498 310 L 498 311 L 497 312 L 497 314 L 498 315 L 498 318 L 499 319 L 499 323 L 500 324 L 500 329 L 501 330 L 501 336 L 502 337 L 502 342 L 503 343 L 503 348 L 504 349 L 504 352 L 505 353 L 505 354 L 506 355 L 506 356 L 508 358 L 509 358 L 511 360 L 512 360 L 513 361 L 514 361 L 515 362 L 516 362 L 518 364 L 519 364 L 521 366 L 521 369 L 522 370 L 522 385 L 519 385 L 518 386 L 514 386 L 513 387 L 510 387 L 509 388 L 507 388 L 506 389 L 505 389 L 503 391 L 499 391 L 498 392 L 493 392 L 492 393 L 487 393 L 486 394 L 483 394 L 482 395 L 478 395 L 477 396 L 472 396 L 471 397 L 467 397 L 466 398 L 462 398 L 461 399 L 456 399 L 455 400 L 451 400 L 450 401 L 446 401 L 445 402 L 441 402 L 440 403 L 435 403 L 434 404 L 430 404 L 429 405 L 423 405 L 422 406 L 417 406 L 416 407 L 411 407 L 410 408 L 406 408 L 405 409 L 401 409 L 400 410 L 394 410 L 393 411 L 373 411 L 372 412 L 368 412 L 367 413 L 361 413 L 360 414 L 357 414 L 356 415 L 353 415 L 352 416 L 348 416 L 347 417 L 339 417 L 338 418 L 327 418 L 327 415 L 326 414 L 326 407 L 325 406 L 325 401 L 324 400 L 324 394 L 323 393 L 323 388 L 322 387 L 322 380 L 321 379 L 321 373 L 320 372 L 320 365 L 319 364 L 319 360 L 318 359 L 318 352 L 317 351 L 317 345 L 316 344 L 316 340 L 315 339 L 315 332 L 314 331 L 314 326 L 313 325 L 313 317 L 314 317 L 315 316 L 320 316 L 321 315 L 323 315 L 327 311 L 328 311 L 329 310 L 332 310 L 333 309 L 337 309 L 338 308 L 342 308 L 343 307 L 348 307 L 349 306 L 354 306 L 355 305 L 360 305 L 361 304 L 365 304 L 366 303 L 371 303 L 372 302 L 377 302 L 378 301 L 383 301 L 384 300 L 389 300 L 390 299 L 394 299 L 395 298 L 400 298 L 401 297 L 406 297 L 407 296 L 411 296 L 412 295 L 416 295 L 417 294 L 422 294 L 423 293 L 428 293 L 429 292 L 434 292 L 435 291 L 439 291 L 440 290 L 444 290 L 445 289 L 449 289 L 450 288 L 455 288 L 456 287 L 462 287 L 463 286 L 467 286 L 468 285 L 472 285 L 473 284 L 479 284 L 480 283 L 488 283 L 489 282 L 494 282 L 495 281
castle,Keep,Royal Sanctum,0,0,M 498 105 L 500 107 L 501 107 L 503 109 L 504 109 L 507 112 L 508 112 L 511 115 L 512 115 L 515 118 L 515 121 L 516 122 L 516 128 L 517 129 L 517 133 L 518 134 L 518 137 L 519 138 L 519 148 L 518 149 L 518 150 L 516 152 L 516 153 L 513 156 L 513 157 L 510 160 L 510 161 L 508 163 L 508 164 L 507 165 L 507 166 L 506 167 L 506 172 L 502 172 L 501 173 L 492 173 L 491 174 L 473 174 L 473 172 L 471 170 L 471 169 L 469 167 L 468 167 L 465 164 L 464 164 L 462 162 L 461 162 L 459 160 L 458 160 L 456 158 L 455 158 L 452 155 L 452 151 L 451 150 L 451 141 L 450 140 L 450 125 L 451 124 L 451 123 L 452 123 L 456 119 L 456 118 L 458 116 L 458 115 L 459 115 L 464 110 L 465 110 L 466 109 L 475 109 L 476 110 L 479 110 L 480 109 L 484 109 L 485 108 L 486 108 L 487 107 L 487 106 L 488 105
castle,Kitchen,Royal Sanctum,0,20,M 432 406 L 433 407 L 433 410 L 434 411 L 434 416 L 435 417 L 435 423 L 436 424 L 436 429 L 437 430 L 437 434 L 438 435 L 438 440 L 439 441 L 439 446 L 440 447 L 440 452 L 441 453 L 441 458 L 442 459 L 442 464 L 443 465 L 443 470 L 444 471 L 444 476 L 445 477 L 445 482 L 446 483 L 446 489 L 447 490 L 447 495 L 448 496 L 448 500 L 449 501 L 449 507 L 450 508 L 450 514 L 451 515 L 451 522 L 449 522 L 448 523 L 444 523 L 443 524 L 438 524 L 437 525 L 431 525 L 430 526 L 425 526 L 424 527 L 420 527 L 419 528 L 412 528 L 411 529 L 401 529 L 400 528 L 400 521 L 399 520 L 399 516 L 398 515 L 398 509 L 397 508 L 397 505 L 396 504 L 396 499 L 395 498 L 395 493 L 394 492 L 394 486 L 393 485 L 393 479 L 392 478 L 392 473 L 391 472 L 391 467 L 390 466 L 390 461 L 389 460 L 389 454 L 388 453 L 388 446 L 387 445 L 387 440 L 386 439 L 386 435 L 385 434 L 385 430 L 384 429 L 384 423 L 383 422 L 383 415 L 384 414 L 387 414 L 388 413 L 393 413 L 394 412 L 398 412 L 399 411 L 403 411 L 404 410 L 408 410 L 409 409 L 414 409 L 415 408 L 419 408 L 420 407 L 425 407 L 426 406
castle,North Wing,Royal Sanctum,0,0,M 508 176 L 508 178 L 509 179 L 509 181 L 511 183 L 512 183 L 514 185 L 515 185 L 519 189 L 520 189 L 522 191 L 523 191 L 525 193 L 526 193 L 527 194 L 528 194 L 529 195 L 531 195 L 532 194 L 537 194 L 538 193 L 543 193 L 544 192 L 549 192 L 550 191 L 555 191 L 556 190 L 560 190 L 561 189 L 565 189 L 566 188 L 570 188 L 571 187 L 575 187 L 576 186 L 585 186 L 585 190 L 586 191 L 586 197 L 587 198 L 587 204 L 588 205 L 588 220 L 585 220 L 584 221 L 580 221 L 579 222 L 576 222 L 575 223 L 567 223 L 566 224 L 561 224 L 560 225 L 555 225 L 554 226 L 549 226 L 548 227 L 543 227 L 542 228 L 535 228 L 534 229 L 531 229 L 530 230 L 526 230 L 525 231 L 523 231 L 521 233 L 521 234 L 520 234 L 518 236 L 518 237 L 517 238 L 517 239 L 516 240 L 516 241 L 510 247 L 510 248 L 506 252 L 506 253 L 504 255 L 504 256 L 501 259 L 501 260 L 499 262 L 499 263 L 492 270 L 492 271 L 489 274 L 489 275 L 484 280 L 482 280 L 481 281 L 479 281 L 478 282 L 474 282 L 473 283 L 469 283 L 468 284 L 463 284 L 462 285 L 457 285 L 456 286 L 453 286 L 452 287 L 448 287 L 447 288 L 443 288 L 442 289 L 436 289 L 435 290 L 432 290 L 431 291 L 427 291 L 426 292 L 421 292 L 420 293 L 415 293 L 414 294 L 407 294 L 407 290 L 406 289 L 406 283 L 405 282 L 405 277 L 404 276 L 404 270 L 403 269 L 403 263 L 402 262 L 402 257 L 401 256 L 401 251 L 400 250 L 400 244 L 399 243 L 399 236 L 398 235 L 398 225 L 399 225 L 400 224 L 406 224 L 407 223 L 412 223 L 413 222 L 418 222 L 419 221 L 424 221 L 425 220 L 429 220 L 430 219 L 436 219 L 437 218 L 441 218 L 442 217 L 447 217 L 448 216 L 453 216 L 454 215 L 457 215 L 458 214 L 458 213 L 465 206 L 465 194 L 466 194 L 472 188 L 472 187 L 474 185 L 474 182 L 475 181 L 475 180 L 477 178 L 482 178 L 483 177 L 490 177 L 491 176
castle,Royal Quarters,Royal Sanctum,0,0,M 396 223 L 396 225 L 397 226 L 397 232 L 398 233 L 398 238 L 399 239 L 399 244 L 400 245 L 400 250 L 401 251 L 401 257 L 402 258 L 402 264 L 403 265 L 403 271 L 404 272 L 404 278 L 405 279 L 405 284 L 406 285 L 406 295 L 405 296 L 399 296 L 398 297 L 391 297 L 390 298 L 385 298 L 384 299 L 379 299 L 378 300 L 375 300 L 374 301 L 369 301 L 368 302 L 363 302 L 362 303 L 356 303 L 355 304 L 351 304 L 350 305 L 346 305 L 345 306 L 340 306 L 339 307 L 327 307 L 327 304 L 326 303 L 326 296 L 325 295 L 325 292 L 324 291 L 324 287 L 323 286 L 323 277 L 322 276 L 322 269 L 321 268 L 321 261 L 320 260 L 320 252 L 319 251 L 319 235 L 322 235 L 323 234 L 334 234 L 335 235 L 341 235 L 342 234 L 346 234 L 347 233 L 352 233 L 353 232 L 357 232 L 358 231 L 361 231 L 362 230 L 365 230 L 366 229 L 372 229 L 373 228 L 382 228 L 383 227 L 387 227 L 388 226 L 390 226 L 392 224 L 392 223
castle,The Throne,Royal Sanctum,0,0,M 312 321 L 313 322 L 313 327 L 314 328 L 314 334 L 315 335 L 315 340 L 316 341 L 316 347 L 317 348 L 317 354 L 318 355 L 318 361 L 319 362 L 319 367 L 320 368 L 320 374 L 321 375 L 321 381 L 322 382 L 322 389 L 323 390 L 323 394 L 324 395 L 324 401 L 325 402 L 325 409 L 326 410 L 326 420 L 321 420 L 320 421 L 317 421 L 316 422 L 313 422 L 312 423 L 306 423 L 305 424 L 292 424 L 290 422 L 289 422 L 281 414 L 280 414 L 277 411 L 276 411 L 276 410 L 275 409 L 275 404 L 274 403 L 274 396 L 273 395 L 273 387 L 272 386 L 272 380 L 271 379 L 271 371 L 270 370 L 270 355 L 269 354 L 269 349 L 268 348 L 268 340 L 269 339 L 269 337 L 270 337 L 271 336 L 271 335 L 274 332 L 274 331 L 277 328 L 277 327 L 280 324 L 280 323 L 281 323 L 282 322 L 290 322 L 292 324 L 293 324 L 294 323 L 300 323 L 301 322 L 305 322 L 306 321
castle,Bastion,South Guard,0,0,M 350 544 L 351 545 L 352 545 L 354 547 L 355 547 L 357 549 L 358 549 L 360 551 L 361 551 L 363 553 L 364 553 L 366 555 L 367 555 L 368 556 L 379 556 L 379 563 L 380 564 L 380 568 L 381 569 L 381 577 L 382 578 L 382 586 L 381 587 L 379 587 L 378 588 L 377 588 L 376 589 L 375 589 L 372 592 L 372 593 L 367 598 L 367 599 L 356 610 L 353 610 L 352 611 L 346 611 L 345 612 L 341 612 L 340 613 L 335 613 L 334 614 L 330 614 L 329 615 L 317 615 L 315 613 L 314 613 L 312 611 L 311 611 L 309 609 L 308 609 L 306 607 L 305 607 L 304 606 L 303 606 L 302 605 L 301 605 L 299 603 L 298 603 L 297 602 L 297 600 L 296 599 L 296 592 L 295 591 L 295 581 L 294 580 L 294 577 L 293 576 L 293 569 L 295 567 L 295 566 L 297 564 L 297 563 L 298 563 L 300 561 L 300 560 L 302 558 L 302 557 L 303 557 L 304 556 L 304 555 L 306 553 L 306 552 L 307 552 L 310 549 L 313 549 L 314 548 L 320 548 L 321 547 L 326 547 L 327 546 L 331 546 L 332 545 L 340 545 L 341 544
castle,Postern,South Guard,0,0,M 650 559 L 651 560 L 651 564 L 652 565 L 652 569 L 653 570 L 653 575 L 654 576 L 654 580 L 655 581 L 655 584 L 656 585 L 656 588 L 657 589 L 657 596 L 658 597 L 658 602 L 659 603 L 659 613 L 654 618 L 653 618 L 652 619 L 650 619 L 649 620 L 634 620 L 633 619 L 631 619 L 626 624 L 625 624 L 624 625 L 608 625 L 607 624 L 606 624 L 601 619 L 600 619 L 600 618 L 599 617 L 599 616 L 598 615 L 598 612 L 597 611 L 597 609 L 596 608 L 596 606 L 595 605 L 595 601 L 594 600 L 594 597 L 593 596 L 593 591 L 592 590 L 592 587 L 591 586 L 591 584 L 590 583 L 590 580 L 589 579 L 589 570 L 590 570 L 591 569 L 595 569 L 596 568 L 601 568 L 602 567 L 606 567 L 607 566 L 611 566 L 612 565 L 615 565 L 616 564 L 621 564 L 622 563 L 627 563 L 628 562 L 632 562 L 633 561 L 637 561 L 638 560 L 641 560 L 642 559
castle,South Wing,South Guard,0,30,M 644 445 L 644 450 L 645 451 L 645 456 L 646 457 L 646 461 L 647 462 L 647 466 L 648 467 L 648 473 L 649 474 L 649 477 L 653 481 L 654 481 L 655 482 L 668 482 L 669 483 L 670 483 L 671 484 L 672 484 L 673 485 L 683 485 L 684 484 L 698 484 L 699 485 L 699 488 L 700 489 L 700 492 L 701 493 L 701 496 L 702 497 L 702 500 L 703 501 L 703 511 L 701 513 L 701 514 L 698 517 L 698 518 L 696 520 L 696 521 L 694 523 L 694 524 L 692 526 L 692 527 L 690 529 L 690 530 L 688 532 L 688 533 L 687 532 L 685 534 L 683 534 L 682 535 L 680 535 L 679 536 L 679 537 L 678 537 L 676 539 L 676 540 L 675 541 L 675 542 L 670 547 L 668 547 L 667 548 L 666 548 L 665 549 L 663 549 L 662 550 L 660 550 L 659 551 L 657 551 L 656 552 L 653 552 L 652 553 L 651 553 L 650 554 L 649 554 L 648 555 L 646 555 L 645 556 L 641 556 L 640 557 L 636 557 L 635 558 L 630 558 L 629 559 L 626 559 L 625 560 L 621 560 L 620 561 L 617 561 L 616 562 L 613 562 L 612 563 L 608 563 L 607 564 L 603 564 L 602 565 L 598 565 L 597 566 L 586 566 L 585 565 L 579 565 L 578 566 L 574 566 L 573 567 L 569 567 L 568 568 L 563 568 L 562 569 L 558 569 L 557 570 L 553 570 L 552 571 L 548 571 L 547 572 L 543 572 L 542 573 L 537 573 L 536 574 L 532 574 L 531 575 L 527 575 L 526 576 L 521 576 L 520 577 L 516 577 L 515 578 L 510 578 L 509 579 L 506 579 L 505 580 L 501 580 L 500 581 L 496 581 L 495 582 L 492 582 L 491 583 L 487 583 L 486 584 L 482 584 L 481 585 L 477 585 L 476 586 L 471 586 L 470 587 L 466 587 L 465 588 L 460 588 L 459 589 L 455 589 L 454 590 L 450 590 L 449 591 L 444 591 L 443 592 L 438 592 L 437 593 L 433 593 L 432 594 L 428 594 L 427 595 L 423 595 L 422 596 L 408 596 L 405 593 L 404 593 L 402 591 L 401 591 L 399 589 L 398 589 L 396 587 L 395 587 L 394 586 L 393 586 L 392 585 L 389 585 L 388 584 L 384 584 L 384 576 L 383 575 L 383 571 L 382 570 L 382 566 L 381 565 L 381 563 L 380 562 L 380 554 L 383 554 L 385 552 L 386 552 L 387 551 L 387 550 L 389 548 L 389 547 L 392 544 L 392 542 L 393 542 L 394 541 L 396 541 L 397 540 L 399 540 L 405 534 L 407 534 L 408 533 L 411 533 L 412 532 L 416 532 L 417 531 L 421 531 L 422 530 L 427 530 L 428 529 L 432 529 L 433 528 L 436 528 L 437 527 L 441 527 L 442 526 L 447 526 L 448 525 L 452 525 L 453 524 L 458 524 L 459 523 L 463 523 L 464 522 L 468 522 L 469 521 L 474 521 L 475 520 L 481 520 L 482 519 L 487 519 L 488 518 L 493 518 L 494 517 L 499 517 L 500 516 L 506 516 L 507 515 L 511 515 L 512 514 L 515 514 L 516 513 L 525 513 L 526 514 L 527 514 L 528 515 L 531 515 L 536 510 L 541 510 L 542 509 L 548 509 L 549 508 L 555 508 L 556 507 L 562 507 L 563 506 L 568 506 L 569 505 L 573 505 L 574 504 L 577 504 L 578 503 L 579 503 L 580 502 L 581 502 L 584 499 L 584 498 L 586 496 L 586 495 L 587 495 L 590 492 L 591 492 L 592 491 L 593 491 L 594 490 L 595 490 L 597 488 L 597 487 L 598 486 L 598 483 L 597 482 L 597 473 L 596 472 L 596 471 L 595 470 L 595 468 L 594 467 L 594 464 L 593 463 L 593 452 L 595 452 L 596 451 L 602 451 L 603 450 L 607 450 L 608 449 L 612 449 L 613 448 L 618 448 L 619 447 L 624 447 L 625 446 L 631 446 L 632 445
castle,Southern Ramparts,South Guard,0,20,M 936 464 L 937 465 L 938 465 L 939 466 L 939 472 L 940 473 L 940 474 L 941 475 L 941 476 L 944 479 L 947 479 L 948 478 L 949 478 L 950 477 L 956 477 L 958 479 L 959 479 L 959 487 L 957 489 L 957 490 L 955 492 L 955 493 L 953 495 L 953 496 L 950 499 L 950 500 L 948 502 L 948 503 L 945 506 L 945 507 L 943 509 L 943 510 L 941 512 L 941 513 L 939 515 L 939 516 L 937 518 L 937 519 L 935 521 L 935 522 L 933 524 L 933 525 L 930 528 L 930 529 L 928 531 L 928 532 L 927 533 L 927 534 L 925 536 L 925 537 L 924 538 L 920 538 L 919 539 L 916 539 L 915 540 L 914 540 L 912 542 L 912 543 L 911 544 L 911 546 L 912 547 L 912 555 L 900 555 L 900 554 L 899 553 L 899 551 L 898 550 L 898 549 L 897 548 L 897 547 L 895 545 L 893 545 L 892 544 L 891 545 L 887 545 L 886 546 L 881 546 L 880 547 L 876 547 L 875 548 L 872 548 L 868 552 L 868 554 L 869 555 L 869 563 L 866 563 L 865 564 L 863 564 L 862 565 L 854 565 L 854 563 L 853 562 L 853 560 L 852 559 L 852 558 L 851 557 L 851 555 L 850 554 L 849 554 L 848 553 L 843 553 L 842 554 L 839 554 L 838 555 L 835 555 L 834 556 L 832 556 L 831 557 L 828 557 L 827 558 L 826 558 L 823 561 L 823 565 L 824 566 L 824 571 L 822 571 L 821 572 L 808 572 L 807 571 L 807 569 L 806 568 L 806 565 L 803 562 L 802 562 L 801 561 L 800 562 L 796 562 L 795 563 L 792 563 L 791 564 L 788 564 L 787 565 L 784 565 L 783 566 L 780 566 L 779 567 L 778 567 L 777 568 L 777 569 L 776 570 L 776 580 L 771 580 L 770 581 L 763 581 L 763 580 L 762 579 L 762 575 L 757 570 L 750 570 L 749 569 L 748 569 L 747 568 L 746 568 L 745 567 L 744 567 L 743 566 L 742 566 L 741 565 L 740 565 L 739 564 L 738 564 L 737 563 L 736 563 L 735 562 L 734 562 L 733 561 L 732 561 L 731 560 L 730 560 L 728 558 L 727 558 L 726 557 L 725 557 L 724 556 L 723 556 L 722 555 L 721 555 L 719 553 L 718 553 L 717 552 L 716 552 L 715 551 L 714 551 L 713 550 L 712 550 L 711 549 L 710 549 L 709 548 L 708 548 L 707 547 L 706 547 L 705 546 L 704 546 L 702 544 L 701 544 L 700 543 L 699 543 L 698 542 L 697 542 L 696 541 L 695 541 L 694 540 L 693 540 L 692 539 L 691 539 L 690 538 L 689 538 L 689 532 L 690 531 L 690 530 L 691 529 L 691 527 L 692 527 L 693 526 L 693 524 L 694 524 L 695 523 L 695 521 L 696 521 L 697 520 L 697 519 L 700 516 L 700 514 L 701 514 L 702 513 L 702 511 L 703 511 L 704 510 L 711 510 L 712 511 L 713 511 L 714 512 L 715 512 L 716 513 L 717 513 L 718 514 L 719 514 L 720 515 L 721 515 L 722 516 L 723 516 L 724 517 L 725 517 L 726 518 L 727 518 L 729 520 L 730 520 L 731 521 L 732 521 L 733 522 L 734 522 L 735 523 L 736 523 L 737 524 L 738 524 L 739 525 L 740 525 L 741 526 L 742 526 L 744 528 L 745 528 L 746 529 L 751 529 L 752 528 L 756 528 L 757 527 L 761 527 L 762 526 L 766 526 L 767 525 L 772 525 L 773 524 L 777 524 L 778 523 L 781 523 L 782 522 L 786 522 L 787 521 L 792 521 L 793 520 L 797 520 L 798 519 L 802 519 L 803 518 L 807 518 L 808 517 L 812 517 L 813 516 L 817 516 L 818 515 L 823 515 L 824 514 L 827 514 L 828 513 L 832 513 L 833 512 L 838 512 L 839 511 L 843 511 L 844 510 L 848 510 L 849 509 L 853 509 L 854 508 L 858 508 L 859 507 L 863 507 L 864 506 L 868 506 L 869 505 L 874 505 L 875 504 L 878 504 L 879 503 L 884 503 L 885 502 L 889 502 L 890 501 L 894 501 L 895 500 L 897 500 L 899 498 L 900 498 L 903 495 L 903 494 L 905 492 L 905 491 L 906 491 L 907 490 L 907 489 L 909 487 L 909 486 L 910 486 L 911 485 L 911 484 L 913 482 L 913 481 L 914 481 L 917 478 L 917 477 L 919 475 L 919 474 L 920 474 L 922 472 L 922 471 L 924 469 L 924 468 L 925 468 L 927 466 L 927 465 L 928 464
